HS6_g12225	Scaffolds_31	100.000	408	1	408	164202	162979	0.0	849
HS6_g12225	Scaffolds_31	28.448	116	213	328	150181	149861	2.10e-08	57.4
HS6_g12225	Scaffolds_11	36.207	290	122	408	1077995	1077207	1.38e-39	152
HS6_g1554	Scaffolds_11	100.000	362	1	362	1078292	1077207	0.0	751
HS6_g1554	Scaffolds_31	36.296	270	100	342	163839	163033	1.88e-38	147
HS6_g1554	Scaffolds_31	27.168	173	149	320	150310	149828	3.75e-09	59.3
HS6_g1554	Scaffolds_21	26.667	210	155	362	1293677	1294276	5.54e-07	52.4
HS6_g12221	Scaffolds_31	95.652	276	143	417	150532	149705	1.72e-175	544
HS6_g12221	Scaffolds_31	76.585	205	1	158	151179	150565	4.67e-87	290
HS6_g12221	Scaffolds_31	31.731	104	269	370	163512	163201	1.08e-08	58.5
HS6_g12221	Scaffolds_11	27.168	173	216	376	1077848	1077333	1.36e-09	61.2
HS6_g12221	Scaffolds_21	26.667	210	220	417	1293671	1294258	9.23e-08	55.5
HS6_g7382	Scaffolds_21	99.890	906	1	906	1290170	1292887	0.0	1915
HS6_g7382	Scaffolds_21	99.650	286	949	1234	1293401	1294258	0.0	591
HS6_g7382	Scaffolds_21	76.190	63	887	949	1293153	1293326	0.0	93.2
HS6_g7382	Scaffolds_21	29.048	210	697	865	369990	369379	9.14e-09	61.2
HS6_g7382	Scaffolds_22	30.939	181	697	853	871472	871921	4.47e-11	68.6
HS6_g7382	Scaffolds_26	28.646	192	689	854	1073765	1073277	1.20e-06	54.3
HS6_g7382	Scaffolds_31	28.019	207	1040	1233	150295	149708	2.36e-06	53.1
HS6_g7382	Scaffolds_11	26.496	234	1013	1234	1077920	1077225	6.87e-06	51.6
S7_LOCUS_004835	Scaffolds_31	100.000	408	1	408	164202	162979	0.0	849
S7_LOCUS_004835	Scaffolds_31	28.448	116	213	328	150181	149861	2.10e-08	57.4
S7_LOCUS_004835	Scaffolds_11	36.207	290	122	408	1077995	1077207	1.38e-39	152
S7_LOCUS_010826	Scaffolds_11	99.724	362	1	362	1078292	1077207	0.0	749
S7_LOCUS_010826	Scaffolds_31	36.296	270	100	342	163839	163033	1.45e-38	147
S7_LOCUS_010826	Scaffolds_31	27.168	173	149	320	150310	149828	2.31e-09	60.1
S7_LOCUS_010826	Scaffolds_21	26.667	210	155	362	1293677	1294276	5.40e-07	52.4
S7_LOCUS_004830	Scaffolds_31	99.216	255	1	255	150469	149705	4.66e-170	521
S7_LOCUS_004830	Scaffolds_31	28.448	116	97	203	163566	163219	3.13e-09	58.2
S7_LOCUS_004830	Scaffolds_11	26.590	173	54	214	1077848	1077333	1.16e-09	59.3
S7_LOCUS_004830	Scaffolds_21	27.885	208	59	255	1293674	1294258	2.88e-09	58.2
S7_LOCUS_005399	Scaffolds_21	98.653	594	1	594	1290491	1292272	0.0	1233
S7_LOCUS_005399	Scaffolds_21	100.000	285	590	874	1293404	1294258	0.0	589
S7_LOCUS_005399	Scaffolds_31	28.019	207	680	873	150295	149708	3.83e-07	55.1
S7_LOCUS_005399	Scaffolds_11	26.496	234	653	874	1077920	1077225	1.24e-06	53.5
HOND_A0A2R5G2S5	Scaffolds_31	67.729	251	1	247	150460	149708	2.84e-112	355
HOND_A0A2R5G2S5	Scaffolds_31	30.675	163	47	199	163692	163216	1.19e-13	71.2
HOND_A0A2R5G2S5	Scaffolds_21	28.910	211	54	257	1293671	1294258	8.29e-10	59.7
HOND_A0A2R5G2S5	Scaffolds_11	31.496	127	103	220	1077677	1077297	2.58e-08	55.1
HOND_A0A2R5GYZ5	Scaffolds_31	27.891	147	197	341	150292	149870	2.99e-08	56.2
HOND_A0A2R5G2P4	Scaffolds_31	88.413	397	1	396	164202	163015	0.0	740
HOND_A0A2R5G2P4	Scaffolds_31	25.641	195	213	404	150181	149708	2.75e-08	57.0
HOND_A0A2R5G2P4	Scaffolds_11	35.274	292	122	406	1077995	1077210	2.29e-39	151
HOND_A0A2R5GP98	Scaffolds_21	67.658	269	3	271	1293446	1294252	4.55e-130	407
HOND_A0A2R5GP98	Scaffolds_31	32.057	209	78	271	150298	149708	9.51e-12	65.9
HOND_A0A2R5G2T1	Scaffolds_21	30.769	169	117	276	1293788	1294255	2.01e-13	70.9
HOND_A0A2R5G2T1	Scaffolds_31	28.708	209	72	268	150313	149729	5.27e-12	66.6
HOND_A0A2R5G2T1	Scaffolds_31	34.706	170	80	240	163653	163180	1.16e-11	65.9
HOND_A0A2R5GJ10	Scaffolds_11	77.348	362	1	358	1078292	1077207	0.0	560
HOND_A0A2R5GJ10	Scaffolds_31	41.872	203	96	295	163839	163234	1.46e-39	150
HOND_A0A2R5GJ10	Scaffolds_31	27.273	176	145	319	150310	149813	1.48e-09	60.5
HOND_A0A2R5GJ10	Scaffolds_21	25.256	293	70	356	1293449	1294270	5.74e-07	52.4
HUMAN_ELOVL5	Scaffolds_31	26.396	197	23	212	163803	163237	1.06e-10	63.2
HUMAN_ELOVL5	Scaffolds_11	31.795	195	27	214	1077956	1077393	6.47e-10	60.8
HUMAN_ELOVL5	Scaffolds_21	27.315	216	60	264	1293659	1294249	1.70e-08	56.6
HUMAN_ELOVL3	Scaffolds_11	33.716	261	17	270	1078001	1077219	1.63e-36	138
HUMAN_ELOVL3	Scaffolds_31	33.333	252	38	261	163767	163015	6.86e-31	122
HUMAN_ELOVL3	Scaffolds_31	28.452	239	43	270	150385	149705	7.88e-14	72.0
HUMAN_ELOVL3	Scaffolds_21	28.302	159	117	270	1293809	1294258	1.14e-07	53.5
HUMAN_ELOVL7	Scaffolds_31	30.000	180	44	217	163755	163237	1.20e-11	65.9
HUMAN_ELOVL7	Scaffolds_31	28.054	221	65	266	150313	149726	1.07e-09	59.7
HUMAN_ELOVL7	Scaffolds_21	25.806	217	70	281	1293671	1294279	2.02e-07	52.8
HUMAN_ELOVL7	Scaffolds_11	29.825	171	119	281	1077680	1077207	2.27e-06	49.7
HUMAN_ELOVL4	Scaffolds_21	32.979	188	100	281	1293743	1294255	7.20e-15	76.3
HUMAN_ELOVL4	Scaffolds_31	30.435	161	128	281	150160	149708	4.06e-11	64.7
HUMAN_ELOVL4	Scaffolds_31	26.368	201	47	238	163776	163216	3.20e-07	52.8
HUMAN_ELOVL4	Scaffolds_11	31.492	181	53	225	1077920	1077408	2.73e-07	53.1
HUMAN_ELOVL2	Scaffolds_11	30.544	239	30	249	1077956	1077267	3.05e-11	64.7
HUMAN_ELOVL2	Scaffolds_31	27.888	251	39	265	150400	149705	5.63e-10	60.8
HUMAN_ELOVL2	Scaffolds_31	24.365	197	26	215	163803	163237	1.69e-08	56.6
HUMAN_ELOVL2	Scaffolds_21	27.155	232	41	261	1293614	1294231	1.35e-08	56.6
HUMAN_ELOVL6	Scaffolds_31	36.299	281	4	255	163857	163021	2.42e-47	169
HUMAN_ELOVL6	Scaffolds_31	28.436	211	61	265	150313	149705	8.41e-13	68.9
HUMAN_ELOVL6	Scaffolds_11	35.849	265	7	265	1078010	1077219	1.75e-42	155
HUMAN_ELOVL6	Scaffolds_21	29.469	207	67	265	1293677	1294246	7.80e-11	63.2
HUMAN_ELOVL1	Scaffolds_31	39.604	101	114	211	163512	163237	7.80e-08	54.3
HUMAN_ELOVL1	Scaffolds_31	29.487	156	110	260	150163	149726	6.76e-07	51.2
HUMAN_ELOVL1	Scaffolds_11	27.715	267	26	268	1077974	1077216	1.27e-07	53.5
HUMAN_ELOVL1	Scaffolds_21	25.108	231	56	268	1293626	1294258	2.08e-07	52.8
YEAST_ELO1	Scaffolds_11	28.571	238	71	305	1077914	1077237	1.69e-14	75.1
YEAST_ELO1	Scaffolds_31	28.340	247	71	297	163752	163018	2.51e-12	68.6
YEAST_ELO1	Scaffolds_31	36.364	99	145	243	150157	149861	2.43e-11	65.5
YEAST_ELO1	Scaffolds_21	26.255	259	54	307	1293545	1294258	1.21e-08	57.0
YEAST_ELO3	Scaffolds_11	28.522	291	41	320	1078019	1077219	1.01e-18	88.6
YEAST_ELO3	Scaffolds_31	30.000	180	144	319	150199	149705	1.18e-13	73.2
YEAST_ELO3	Scaffolds_31	25.506	247	82	309	163752	163018	2.70e-12	68.9
YEAST_ELO3	Scaffolds_21	27.347	245	85	322	1293596	1294258	1.07e-09	60.8
YEAST_ELO2	Scaffolds_11	27.907	258	70	312	1077932	1077219	3.19e-15	77.8
YEAST_ELO2	Scaffolds_31	29.586	169	151	315	150157	149693	1.81e-12	69.3
YEAST_ELO2	Scaffolds_31	26.482	253	78	301	163749	163018	2.06e-11	66.2
YEAST_ELO2	Scaffolds_21	27.703	148	157	304	1293830	1294234	1.65e-06	50.8
TBRU_ELO2	Scaffolds_31	35.448	268	16	263	163794	163015	8.31e-41	150
TBRU_ELO2	Scaffolds_31	26.941	219	59	267	150307	149720	3.58e-12	67.0
TBRU_ELO2	Scaffolds_11	34.182	275	2	271	1077998	1077216	2.12e-37	140
TBRU_ELO2	Scaffolds_21	33.544	158	114	270	1293815	1294252	3.16e-10	61.2
TBRU_ELO4	Scaffolds_31	27.876	226	37	240	150385	149744	6.60e-11	62.8
TBRU_ELO4	Scaffolds_31	26.554	177	37	196	163752	163246	1.84e-10	61.6
TBRU_ELO4	Scaffolds_21	25.731	171	95	252	1293788	1294276	1.36e-07	52.8
TBRU_ELO1	Scaffolds_31	39.827	231	75	280	163692	163015	1.61e-38	145
TBRU_ELO1	Scaffolds_31	26.638	229	63	283	150343	149723	1.82e-08	56.6
TBRU_ELO1	Scaffolds_11	41.624	197	79	273	1077842	1077270	8.55e-38	143
TBRU_ELO1	Scaffolds_21	27.273	209	81	284	1293671	1294240	4.14e-08	55.5
TBRU_ELO3	Scaffolds_11	38.129	278	14	289	1077986	1077234	4.45e-52	184
TBRU_ELO3	Scaffolds_31	32.982	285	24	284	163794	163015	7.87e-36	137
TBRU_ELO3	Scaffolds_31	32.026	153	137	288	150160	149720	2.66e-09	58.9
TBRU_ELO3	Scaffolds_21	28.571	189	114	289	1293752	1294255	1.73e-07	53.5
