HS6_g12225	contig7	100.000	408	1	408	1769386	1768163	0.0	849
HS6_g12225	contig7	28.448	116	213	328	1755349	1755029	3.09e-08	57.0
HS6_g12225	contig19	36.207	290	122	408	646689	647477	1.43e-39	152
HS6_g1554	contig19	99.724	362	1	362	646392	647477	0.0	749
HS6_g1554	contig7	36.296	270	100	342	1769023	1768217	1.90e-38	147
HS6_g1554	contig7	26.590	173	149	320	1755478	1754996	1.48e-08	57.4
HS6_g1554	contig8	26.667	210	155	362	1598903	1598304	5.61e-07	52.4
HS6_g12221	contig7	94.928	276	143	417	1755700	1754873	1.33e-174	542
HS6_g12221	contig7	64.085	142	65	159	1756155	1755730	4.44e-42	159
HS6_g12221	contig7	72.043	93	1	93	1756352	1756089	1.90e-20	95.1
HS6_g12221	contig7	31.731	104	269	370	1768696	1768385	1.09e-08	58.5
HS6_g12221	contig19	27.168	173	216	376	646836	647351	8.47e-10	62.0
HS6_g12221	contig8	26.667	210	220	417	1598909	1598322	9.34e-08	55.5
HS6_g7382	contig8	99.338	906	1	906	1602410	1599693	0.0	1905
HS6_g7382	contig8	99.650	286	949	1234	1599179	1598322	0.0	591
HS6_g7382	contig8	76.190	63	887	949	1599427	1599254	0.0	93.2
HS6_g7382	contig8	29.048	210	697	865	2521334	2521945	7.13e-09	61.6
HS6_g7382	contig9	30.939	181	697	853	1580686	1581135	5.17e-11	68.6
HS6_g7382	contig13	28.646	192	689	854	1340625	1341113	1.21e-06	54.3
HS6_g7382	contig7	28.019	207	1040	1233	1755463	1754876	2.88e-06	52.8
HS6_g7382	contig12	32.520	123	779	858	1294268	1294633	4.92e-06	52.0
HS6_g7382	contig19	26.496	234	1013	1234	646764	647459	7.12e-06	51.6
S7_LOCUS_004835	contig7	100.000	408	1	408	1769386	1768163	0.0	849
S7_LOCUS_004835	contig7	28.448	116	213	328	1755349	1755029	3.09e-08	57.0
S7_LOCUS_004835	contig19	36.207	290	122	408	646689	647477	1.43e-39	152
S7_LOCUS_010826	contig19	100.000	362	1	362	646392	647477	0.0	749
S7_LOCUS_010826	contig7	36.296	270	100	342	1769023	1768217	1.47e-38	147
S7_LOCUS_010826	contig7	26.590	173	149	320	1755478	1754996	8.67e-09	58.2
S7_LOCUS_010826	contig8	26.667	210	155	362	1598903	1598304	5.46e-07	52.4
S7_LOCUS_004830	contig7	100.000	255	1	255	1755637	1754873	3.27e-171	524
S7_LOCUS_004830	contig7	28.448	116	97	203	1768750	1768403	3.16e-09	58.2
S7_LOCUS_004830	contig19	26.590	173	54	214	646836	647351	7.27e-10	60.1
S7_LOCUS_004830	contig8	27.885	208	59	255	1598906	1598322	2.91e-09	58.2
S7_LOCUS_005399	contig8	98.990	594	1	594	1602089	1600308	0.0	1236
S7_LOCUS_005399	contig8	100.000	285	590	874	1599176	1598322	0.0	589
S7_LOCUS_005399	contig7	28.019	207	680	873	1755463	1754876	4.71e-07	54.7
S7_LOCUS_005399	contig19	26.496	234	653	874	646764	647459	1.15e-06	53.5
HOND_A0A2R5G2S5	contig7	67.331	251	1	247	1755628	1754876	1.56e-111	353
HOND_A0A2R5G2S5	contig7	30.675	163	47	199	1768876	1768400	1.20e-13	71.2
HOND_A0A2R5G2S5	contig8	28.910	211	54	257	1598909	1598322	8.38e-10	59.7
HOND_A0A2R5G2S5	contig19	32.283	127	103	220	647007	647387	9.03e-09	56.6
HOND_A0A2R5GYZ5	contig7	27.891	147	197	341	1755460	1755038	8.25e-08	55.1
HOND_A0A2R5G2P4	contig7	88.413	397	1	396	1769386	1768199	0.0	740
HOND_A0A2R5G2P4	contig7	25.641	195	213	404	1755349	1754876	2.50e-08	57.0
HOND_A0A2R5G2P4	contig19	35.274	292	122	406	646689	647474	2.36e-39	151
HOND_A0A2R5GP98	contig8	67.658	269	3	271	1599134	1598328	4.60e-130	407
HOND_A0A2R5GP98	contig7	32.057	209	78	271	1755466	1754876	1.42e-11	65.5
HOND_A0A2R5G2T1	contig8	30.769	169	117	276	1598792	1598325	2.03e-13	70.9
HOND_A0A2R5G2T1	contig7	28.708	209	72	268	1755481	1754897	8.77e-12	66.2
HOND_A0A2R5G2T1	contig7	34.706	170	80	240	1768837	1768364	1.18e-11	65.9
HOND_A0A2R5GJ10	contig19	77.072	362	1	358	646392	647477	0.0	559
HOND_A0A2R5GJ10	contig7	41.872	203	96	295	1769023	1768418	1.48e-39	150
HOND_A0A2R5GJ10	contig7	26.705	176	145	319	1755478	1754981	5.46e-09	58.9
HOND_A0A2R5GJ10	contig8	25.256	293	70	356	1599131	1598310	5.81e-07	52.4
HUMAN_ELOVL5	contig7	26.396	197	23	212	1768987	1768421	1.07e-10	63.2
HUMAN_ELOVL5	contig19	31.795	195	27	214	646728	647291	6.48e-10	60.8
HUMAN_ELOVL5	contig8	27.315	216	60	264	1598921	1598331	1.72e-08	56.6
HUMAN_ELOVL3	contig19	33.716	261	17	270	646683	647465	2.51e-36	137
HUMAN_ELOVL3	contig7	33.333	252	38	261	1768951	1768199	6.94e-31	122
HUMAN_ELOVL3	contig7	28.033	239	43	270	1755553	1754873	2.77e-13	70.5
HUMAN_ELOVL3	contig8	28.302	159	117	270	1598771	1598322	1.15e-07	53.5
HUMAN_ELOVL7	contig7	30.000	180	44	217	1768939	1768421	1.21e-11	65.9
HUMAN_ELOVL7	contig7	27.962	211	75	266	1755472	1754894	8.81e-10	60.1
HUMAN_ELOVL7	contig8	25.806	217	70	281	1598909	1598301	2.04e-07	52.8
HUMAN_ELOVL7	contig19	29.825	171	119	281	647004	647477	2.34e-06	49.7
HUMAN_ELOVL4	contig8	32.979	188	100	281	1598837	1598325	7.28e-15	76.3
HUMAN_ELOVL4	contig7	30.435	161	128	281	1755328	1754876	4.58e-11	64.7
HUMAN_ELOVL4	contig7	26.368	201	47	238	1768960	1768400	3.23e-07	52.8
HUMAN_ELOVL4	contig19	31.492	181	53	225	646764	647276	2.81e-07	52.8
HUMAN_ELOVL2	contig19	30.544	239	30	249	646728	647417	3.54e-11	64.7
HUMAN_ELOVL2	contig7	29.279	222	65	265	1755481	1754873	8.19e-10	60.5
HUMAN_ELOVL2	contig7	24.365	197	26	215	1768987	1768421	1.71e-08	56.6
HUMAN_ELOVL2	contig8	27.155	232	41	261	1598966	1598349	1.37e-08	56.6
HUMAN_ELOVL6	contig7	36.299	281	4	255	1769041	1768205	2.45e-47	169
HUMAN_ELOVL6	contig7	27.962	211	61	265	1755481	1754873	4.51e-12	66.6
HUMAN_ELOVL6	contig19	35.849	265	7	265	646674	647465	2.76e-42	154
HUMAN_ELOVL6	contig8	29.469	207	67	265	1598903	1598334	7.89e-11	63.2
HUMAN_ELOVL1	contig7	39.604	101	114	211	1768696	1768421	7.90e-08	54.3
HUMAN_ELOVL1	contig7	29.487	156	110	260	1755331	1754894	7.28e-07	51.2
HUMAN_ELOVL1	contig19	27.715	267	26	268	646710	647468	1.17e-07	53.5
HUMAN_ELOVL1	contig8	25.108	231	56	268	1598954	1598322	2.11e-07	52.8
YEAST_ELO1	contig19	28.571	238	71	305	646770	647447	1.26e-14	75.5
YEAST_ELO1	contig7	28.340	247	71	297	1768936	1768202	2.54e-12	68.6
YEAST_ELO1	contig7	36.364	99	145	243	1755325	1755029	2.37e-11	65.5
YEAST_ELO1	contig8	26.255	259	54	307	1599035	1598322	1.23e-08	57.0
YEAST_ELO3	contig19	28.522	291	41	320	646665	647465	9.18e-19	88.6
YEAST_ELO3	contig7	30.000	180	144	319	1755367	1754873	1.03e-13	73.2
YEAST_ELO3	contig7	25.506	247	82	309	1768936	1768202	2.74e-12	68.9
YEAST_ELO3	contig8	27.347	245	85	322	1598984	1598322	1.09e-09	60.8
YEAST_ELO2	contig19	27.907	258	70	312	646752	647465	3.34e-15	77.8
YEAST_ELO2	contig7	29.586	169	151	315	1755325	1754861	1.82e-12	69.3
YEAST_ELO2	contig7	26.482	253	78	301	1768933	1768202	2.08e-11	66.2
YEAST_ELO2	contig8	27.703	148	157	304	1598750	1598346	1.67e-06	50.8
TBRU_ELO2	contig7	35.448	268	16	263	1768978	1768199	8.41e-41	150
TBRU_ELO2	contig7	26.941	219	59	267	1755475	1754888	6.85e-12	66.2
TBRU_ELO2	contig19	34.182	275	2	271	646686	647468	4.36e-37	140
TBRU_ELO2	contig8	33.544	158	114	270	1598765	1598328	3.20e-10	61.2
TBRU_ELO4	contig7	27.876	226	37	240	1755553	1754912	1.43e-10	62.0
TBRU_ELO4	contig7	26.554	177	37	196	1768936	1768430	1.86e-10	61.6
TBRU_ELO4	contig8	25.731	171	95	252	1598792	1598304	1.37e-07	52.8
TBRU_ELO1	contig7	39.827	231	75	280	1768876	1768199	1.63e-38	145
TBRU_ELO1	contig7	26.638	229	63	283	1755511	1754891	4.11e-08	55.5
TBRU_ELO1	contig19	41.624	197	79	273	646842	647414	1.22e-37	142
TBRU_ELO1	contig8	27.273	209	81	284	1598909	1598340	4.19e-08	55.5
TBRU_ELO3	contig19	38.129	278	14	289	646698	647450	6.48e-52	184
TBRU_ELO3	contig7	32.982	285	24	284	1768978	1768199	7.97e-36	137
TBRU_ELO3	contig7	32.026	153	137	288	1755328	1754888	2.57e-09	58.9
TBRU_ELO3	contig8	28.571	189	114	289	1598828	1598325	1.75e-07	53.5
