arm	position_rel_to_junction	type	length_bp
5' arm	-739	insertion in #7	4
5' arm	-578	substitution	1
5' arm	-571	substitution	1
5' arm	-536	deletion in #7 (HS6-only bases)	1
5' arm	-514	deletion in #7 (HS6-only bases)	16
5' arm	-484	substitution	1
5' arm	-466	substitution	1
5' arm	-452	substitution	1
5' arm	-425	substitution	1
5' arm	-347	insertion in #7	5
5' arm	-316	deletion in #7 (HS6-only bases)	2
5' arm	-263	substitution	1
5' arm	-221	substitution	1
5' arm	-196	deletion in #7 (HS6-only bases)	1
5' arm	-95	substitution	1
5' arm	-94	substitution	1
5' arm	-14	substitution	1
3' arm	195	substitution	1
3' arm	360	substitution	1
3' arm	382	substitution	1
3' arm	395	substitution	1
3' arm	481	substitution	1
3' arm	504	substitution	1
3' arm	518	substitution	1
3' arm	588	substitution	1
3' arm	647	substitution	1
