chrom	start	end	length	AT_pct	repeat_overlap_pct	ACS_like_motifs	left_gene	right_gene	gap_between_genes_bp	HS6_sites	S7_sites	S7_best_identity	orientation
Scaffolds_18	2316501	2316800	300	85.2	0	2	g4871(+)	g4872(-)	5262	1	1	94.9	convergent (3' ends face each other)
Scaffolds_19	846251	846600	350	84.4	0	2	g5559(+)	g5560(-)	826	1	1	93.1	convergent (3' ends face each other)
Scaffolds_10	453701	454100	400	83.7	0	2	g944(+)	g945(-)	3527	1	1	97.0	convergent (3' ends face each other)
Scaffolds_9	337751	338150	400	83.6	0	2	g15919(-)	g15920(-)	5119	1	1	96.3	tandem (same direction)
Scaffolds_3	529401	529700	300	81.5	0	2	g11621(-)	g11622(-)	1650	1	1	98.9	tandem (same direction)
Scaffolds_28	170801	171150	350	85.9	0	1	g10393(-)	g10394(+)	34241	1	1	96.6	divergent (shared promoter region)
Scaffolds_4	787151	787500	350	85.6	0	1	g13794(-)	g13795(-)	2277	1	1	98.3	tandem (same direction)
Scaffolds_33	1298401	1298800	400	85.1	0	1	g13149(+)	g13150(-)	4886	1	1	91.0	convergent (3' ends face each other)
Scaffolds_1	1168301	1168650	350	84.7	0	1	g787(+)	g788(+)	7690	1	1	96.6	tandem (same direction)
Scaffolds_11	585301	585600	300	84.5	0	1	g1423(-)	g1424(-)	3308	1	1	99.7	tandem (same direction)
Scaffolds_26	807701	808000	300	84.0	0	1	g9943(+)	g9944(-)	4700	1	1	94.1	convergent (3' ends face each other)
Scaffolds_13	722551	722900	350	83.9	0	1	g1941(-)	g1942(+)	7105	1	1	92.6	divergent (shared promoter region)
Scaffolds_18	3217001	3217350	350	83.9	0	1	g5126(+)	g5127(+)	32196	1	1	96.3	tandem (same direction)
Scaffolds_21	483951	484300	350	83.9	0	1	g7152(+)	g7153(-)	2989	1	1	94.0	convergent (3' ends face each other)
Scaffolds_29	3066651	3067000	350	83.9	0	1	g11421(+)	g11422(+)	1154	1	1	99.1	tandem (same direction)
Scaffolds_2	1033701	1034000	300	83.8	0	1	g6313(-)	g6314(+)	8249	1	1	98.0	divergent (shared promoter region)
Scaffolds_3	564451	564800	350	83.4	0	1	g11634(+)	g11635(-)	4032	1	1	89.5	convergent (3' ends face each other)
Scaffolds_0	855151	855450	300	83.2	0	1	g204(+)	g205(-)	2934	1	1	96.0	convergent (3' ends face each other)
Scaffolds_18	2662451	2662750	300	83.2	0	1	g4984(-)	g4985(+)	2464	1	1	93.0	divergent (shared promoter region)
Scaffolds_20	1360201	1360500	300	83.2	0	1	g6795(+)	g6796(-)	5852	1	1	90.0	convergent (3' ends face each other)
Scaffolds_11	1262901	1263300	400	83.1	0	1	g1610(+)	g1611(-)	3435	1	1	94.0	convergent (3' ends face each other)
Scaffolds_15	2023201	2023700	500	83.1	0	1	g3097(-)	g3098(-)	6691	1	1	94.4	tandem (same direction)
Scaffolds_17	247601	247950	350	82.8	0	1	g3838(+)	g3839(-)	8630	1	1	96.3	convergent (3' ends face each other)
Scaffolds_26	489651	489950	300	82.8	0	1	g9860(-)	g9861(+)	2769	1	1	90.6	divergent (shared promoter region)
Scaffolds_24	1849601	1849900	300	82.7	0	1	g9320(-)	g9321(-)	5931	1	1	99.7	tandem (same direction)
Scaffolds_19	1660501	1660850	350	82.5	0	1	g5796(-)	g5797(-)	9572	1	1	92.5	tandem (same direction)
Scaffolds_30	92201	92750	550	82.3	0	1	g12031(-)	g12032(-)	10783	1	1	97.1	tandem (same direction)
Scaffolds_0	861051	861350	300	82.2	0	1	g206(-)	g207(-)	548	1	1	97.3	tandem (same direction)
Scaffolds_33	782351	782700	350	82.2	0	1	g13011(-)	g13012(-)	2808	1	1	96.6	tandem (same direction)
Scaffolds_33	2061351	2062050	700	81.4	0	1	g13350(+)	g13351(-)	7206	1	1	97.0	convergent (3' ends face each other)
Scaffolds_8	1485201	1485550	350	81.4	0	1	g15751(-)	g15752(+)	2043	1	1	92.9	divergent (shared promoter region)
Scaffolds_11	614701	615000	300	81.3	0	1	g1434(-)	g1435(-)	1274	1	1	95.6	tandem (same direction)
Scaffolds_19	1225851	1226150	300	81.3	0	1	g5677(+)	g5678(+)	4707	1	1	94.0	tandem (same direction)
Scaffolds_15	2263451	2263850	400	81.2	0	1	g3153(-)	g3154(-)	6081	1	1	94.0	tandem (same direction)
Scaffolds_24	1317751	1318100	350	81.2	0	1	g9181(+)	g9182(+)	22561	1	1	97.2	tandem (same direction)
Scaffolds_5	777901	778500	600	81.2	0	1	g14786(+)	g14787(-)	10178	1	1	96.0	convergent (3' ends face each other)
Scaffolds_26	592101	592450	350	80.9	0	1	g9882(-)	g9883(-)	32309	1	1	100.0	tandem (same direction)
Scaffolds_26	387951	388250	300	80.7	0	1	g9828(+)	g9829(-)	2067	1	1	94.4	convergent (3' ends face each other)
Scaffolds_21	2798801	2799150	350	80.5	0	1	g7751(-)	g7752(+)	3892	1	1	91.2	divergent (shared promoter region)
Scaffolds_31	1095201	1095550	350	80.5	0	1	g12482(-)	g12483(+)	1071	1	1	96.3	divergent (shared promoter region)
Scaffolds_29	2075501	2075850	350	80.4	0	1	g11138(+)	g11139(-)	13280	1	1	93.9	convergent (3' ends face each other)
Scaffolds_26	602701	603000	300	80.2	0	1	g9884(-)	g9885(+)	14285	1	1	93.5	divergent (shared promoter region)
Scaffolds_3	1177901	1178250	350	80.1	0	1	g11804(-)	g11805(-)	3074	1	1	93.4	tandem (same direction)
Scaffolds_18	2285201	2285550	350	80.0	0	1	g4867(-)	g4868(+)	14991	1	1	91.4	divergent (shared promoter region)
Scaffolds_30	97151	97450	300	80.0	0	1	g12031(-)	g12032(-)	10783	1	1	94.3	tandem (same direction)
Scaffolds_32	565051	565350	300	80.0	0	1	g12699(-)	g12700(+)	1552	1	1	95.7	divergent (shared promoter region)
Scaffolds_9	823101	823450	350	79.5	20	1	g16068(+)	g16069(+)	1905	1	1	91.2	tandem (same direction)
Scaffolds_0	1484451	1484800	350	86.0	0	0	g390(-)	g391(-)	10499	1	1	90.9	tandem (same direction)
Scaffolds_8	1736801	1737200	400	85.8	0	0	g15820(-)	g15821(-)	14944	1	1	98.5	tandem (same direction)
Scaffolds_6	217751	218050	300	85.5	0	0	g14996(-)	g14997(-)	6381	1	1	91.7	tandem (same direction)
Scaffolds_7	17601	18000	400	85.4	0	0	g15206(-)	g15207(+)	1534	1	1	88.2	divergent (shared promoter region)
Scaffolds_26	304751	305050	300	85.3	0	0	g9802(-)	g9803(-)	5003	1	1	92.3	tandem (same direction)
Scaffolds_4	1677301	1677700	400	85.2	0	0	g14035(-)	g14036(+)	7542	1	1	93.0	divergent (shared promoter region)
Scaffolds_29	731201	731500	300	85.0	0	0	g10794(-)	g10795(+)	2131	1	1	92.4	divergent (shared promoter region)
Scaffolds_21	975051	975400	350	84.9	0	0	g7292(-)	g7293(+)	1265	1	1	90.2	divergent (shared promoter region)
Scaffolds_19	1081301	1081600	300	84.8	5	0	g5643(+)	g5644(+)	5069	1	1	88.4	tandem (same direction)
Scaffolds_0	1539351	1539650	300	84.5	0	0	g407(+)	g408(-)	1381	1	1	93.5	convergent (3' ends face each other)
Scaffolds_18	1267951	1268300	350	84.5	0	0	g4589(-)	g4590(+)	5915	1	1	90.0	divergent (shared promoter region)
Scaffolds_3	1107051	1107450	400	84.4	0	0	g11786(+)	g11787(-)	18469	1	1	96.8	convergent (3' ends face each other)
Scaffolds_29	3121701	3122100	400	84.2	0	0	g11435(+)	g11436(+)	12417	1	1	97.8	tandem (same direction)
Scaffolds_20	1631901	1632250	350	84.1	0	0	g6873(+)	g6874(-)	4253	1	1	95.7	convergent (3' ends face each other)
Scaffolds_3	460701	461000	300	84.0	0	0	g11594(+)	g11595(+)	1948	1	1	93.0	tandem (same direction)
Scaffolds_11	1255851	1256150	300	83.8	0	0	g1609(-)	g1610(+)	4298	1	1	95.0	divergent (shared promoter region)
Scaffolds_4	2680701	2681000	300	83.8	0	0	g14307(-)	g14308(-)	1983	1	1	93.6	tandem (same direction)
Scaffolds_16	1265451	1265850	400	83.7	0	0	g3716(-)	g3717(-)	1653	1	1	88.7	tandem (same direction)
Scaffolds_2	567901	568200	300	83.7	0	0	g6197(+)	g6198(-)	1770	1	1	88.4	convergent (3' ends face each other)
Scaffolds_2	767451	767750	300	83.7	0	0	g6250(+)	g6251(-)	5924	1	1	88.7	convergent (3' ends face each other)
Scaffolds_5	922701	923050	350	83.7	0	0	g14813(-)	g14814(-)	2546	1	1	95.4	tandem (same direction)
Scaffolds_8	923401	923700	300	83.7	0	0	g15613(-)	g15614(+)	1216	1	1	96.8	divergent (shared promoter region)
Scaffolds_0	1249201	1249550	350	83.6	0	0	g317(-)	g318(-)	1933	1	1	93.4	tandem (same direction)
Scaffolds_1	83051	83350	300	83.5	0	0	g482(-)	g483(-)	12451	1	1	97.9	tandem (same direction)
Scaffolds_18	3147801	3148100	300	83.5	0	0	g5118(-)	g5119(-)	558	1	1	94.8	tandem (same direction)
Scaffolds_9	456301	456600	300	83.5	0	0	g15946(+)	g15947(+)	2949	1	1	92.7	tandem (same direction)
Scaffolds_21	2610451	2611200	750	83.3	0	0	g7703(+)	g7704(-)	1923	1	1	96.8	convergent (3' ends face each other)
Scaffolds_14	1678351	1678650	300	83.2	0	0	g2542(+)	g2543(-)	5369	1	1	91.5	convergent (3' ends face each other)
Scaffolds_19	1139751	1140050	300	83.2	0	0	g5661(-)	g5662(-)	862	1	1	96.0	tandem (same direction)
Scaffolds_2	341451	341750	300	83.2	0	0	g6124(-)	g6125(+)	16140	1	1	93.0	divergent (shared promoter region)
Scaffolds_21	1759151	1759450	300	83.2	0	0	g7504(-)	g7505(+)	1183	1	1	97.4	divergent (shared promoter region)
Scaffolds_3	969201	969550	350	83.2	0	0	g11753(-)	g11754(+)	1946	1	1	87.3	divergent (shared promoter region)
Scaffolds_4	1776301	1776600	300	83.2	0	0	g14062(-)	g14063(+)	4157	1	1	97.3	divergent (shared promoter region)
Scaffolds_9	829751	830100	350	83.1	0	0	g16070(+)	g16071(-)	5486	1	1	90.4	convergent (3' ends face each other)
Scaffolds_12	34401	34850	450	83.0	0	0	g1716(+)	g1717(-)	21716	1	1	94.6	convergent (3' ends face each other)
Scaffolds_24	1269301	1269800	500	83.0	2	0	g9175(+)	g9176(+)	7144	1	1	89.3	tandem (same direction)
Scaffolds_26	1325151	1325450	300	83.0	0	0	g10083(-)	g10084(+)	2560	1	1	92.3	divergent (shared promoter region)
Scaffolds_33	2055751	2056050	300	83.0	0	0	g13349(-)	g13350(+)	4175	1	1	91.3	divergent (shared promoter region)
Scaffolds_4	232001	232300	300	83.0	0	0	g13664(-)	g13665(-)	2401	1	1	91.5	tandem (same direction)
Scaffolds_14	1651601	1651900	300	82.8	0	0	g2535(-)	g2536(+)	3047	1	1	89.4	divergent (shared promoter region)
Scaffolds_22	1110101	1110450	350	82.8	0	0	g8085(+)	g8086(+)	1269	1	1	93.3	tandem (same direction)
Scaffolds_29	648951	649250	300	82.8	0	0	g10776(+)	g10777(-)	1153	1	1	93.2	convergent (3' ends face each other)
Scaffolds_31	449801	450100	300	82.8	0	0	g12311(+)	g12312(-)	10364	1	1	99.6	convergent (3' ends face each other)
Scaffolds_33	421901	422200	300	82.8	0	0	g12930(+)	g12931(+)	5014	1	1	86.0	tandem (same direction)
Scaffolds_8	1093251	1093600	350	82.6	0	0	g15656(-)	g15657(-)	13528	1	1	94.7	tandem (same direction)
Scaffolds_10	252101	252400	300	82.5	0	0	g897(+)	g898(-)	3146	1	1	96.7	convergent (3' ends face each other)
Scaffolds_16	455951	456250	300	82.5	0	0	g3471(+)	g3472(+)	1273	1	1	95.3	tandem (same direction)
Scaffolds_29	1009251	1009550	300	82.5	0	0	g10866(-)	g10867(+)	14886	1	1	95.7	divergent (shared promoter region)
Scaffolds_29	1920051	1920400	350	82.5	0	0	g11101(+)	g11102(+)	11221	1	1	95.2	tandem (same direction)
Scaffolds_4	2032151	2032500	350	82.5	0	0	g14127(-)	g14128(-)	1587	1	1	98.3	tandem (same direction)
Scaffolds_8	505601	505900	300	82.5	0	0	g15491(+)	g15492(+)	13295	1	1	95.5	tandem (same direction)
Scaffolds_9	742601	742900	300	82.5	0	0	g16043(-)	g16044(+)	2766	1	1	95.2	divergent (shared promoter region)
Scaffolds_23	924651	925250	600	82.4	0	0	g8569(+)	g8570(+)	10754	1	1	96.7	tandem (same direction)
Scaffolds_10	1405501	1405800	300	82.3	0	0	g1213(-)	g1215(+)	1220	1	1	96.3	divergent (shared promoter region)
Scaffolds_15	847601	847900	300	82.3	0	0	g2823(-)	g2824(-)	6628	1	1	94.3	tandem (same direction)
Scaffolds_19	2135201	2135500	300	82.3	0	0	g5947(+)	g5948(+)	3846	1	1	94.5	tandem (same direction)
Scaffolds_19	2145301	2145600	300	82.3	0	0	g5949(+)	g5950(+)	3350	1	1	97.0	tandem (same direction)
Scaffolds_21	2795701	2796000	300	82.3	0	0	g7751(-)	g7752(+)	3892	1	1	95.4	divergent (shared promoter region)
Scaffolds_31	256501	256950	450	82.3	0	0	g12256(+)	g12257(+)	3422	1	1	91.2	tandem (same direction)
Scaffolds_15	2170801	2171100	300	82.2	0	0	g3133(+)	g3134(-)	8840	1	1	91.1	convergent (3' ends face each other)
Scaffolds_2	1354651	1354950	300	82.2	0	0	g6389(-)	g6390(+)	14710	1	1	95.1	divergent (shared promoter region)
Scaffolds_24	1785701	1786000	300	82.2	0	0	g9299(-)	g9300(+)	3588	1	1	99.0	divergent (shared promoter region)
Scaffolds_25	1330151	1330500	350	82.2	0	0	g9686(-)	g9687(+)	11732	1	1	93.3	divergent (shared promoter region)
Scaffolds_28	1019201	1019500	300	82.2	0	0	g10594(+)	g10595(-)	9358	1	1	96.3	convergent (3' ends face each other)
Scaffolds_10	1305801	1306150	350	82.1	0	0	g1185(-)	g1186(+)	1113	1	1	92.3	divergent (shared promoter region)
Scaffolds_23	449301	449700	400	82.1	0	0	g8451(-)	g8452(-)	2636	1	1	91.9	tandem (same direction)
Scaffolds_29	735001	735350	350	82.1	0	0	g10795(+)	g10796(-)	1209	1	1	95.7	convergent (3' ends face each other)
Scaffolds_0	1676101	1676550	450	82.0	0	0	g447(-)	g448(+)	6468	1	1	95.3	divergent (shared promoter region)
Scaffolds_14	939751	940050	300	82.0	0	0	g2329(+)	g2330(-)	18094	1	1	95.7	convergent (3' ends face each other)
Scaffolds_15	2343951	2344250	300	82.0	0	0	g3170(+)	g3171(+)	2263	1	1	95.4	tandem (same direction)
Scaffolds_17	1118701	1119000	300	82.0	0	0	g4090(-)	g4091(-)	1261	1	1	98.2	tandem (same direction)
Scaffolds_18	3237151	3237500	350	82.0	0	0	g5129(+)	g5130(-)	4713	1	1	93.2	convergent (3' ends face each other)
Scaffolds_26	121301	121600	300	82.0	0	0	g9751(-)	g9752(-)	3282	1	1	98.0	tandem (same direction)
Scaffolds_33	1299201	1299550	350	82.0	0	0	g13149(+)	g13150(-)	4886	1	1	90.3	convergent (3' ends face each other)
Scaffolds_33	2231451	2231750	300	82.0	0	0	g13386(+)	g13387(+)	40660	1	1	89.0	tandem (same direction)
Scaffolds_4	673951	674250	300	82.0	0	0	g13768(-)	g13769(-)	41170	1	1	98.0	tandem (same direction)
Scaffolds_4	2568601	2568900	300	82.0	0	0	g14279(+)	g14280(-)	4991	1	1	93.4	convergent (3' ends face each other)
Scaffolds_9	396251	396550	300	82.0	0	0	g15931(+)	g15932(+)	3682	1	1	93.0	tandem (same direction)
Scaffolds_8	1698651	1699050	400	81.9	0	0	g15814(-)	g15815(+)	6208	1	1	93.5	divergent (shared promoter region)
Scaffolds_11	350851	351150	300	81.8	0	0	g1361(-)	g1362(+)	41987	1	1	95.0	divergent (shared promoter region)
Scaffolds_16	1273851	1274350	500	81.8	0	0	g3718(+)	g3719(+)	2177	1	1	94.3	tandem (same direction)
Scaffolds_19	473051	473350	300	81.8	0	0	g5447(-)	g5448(+)	14192	1	1	93.6	divergent (shared promoter region)
Scaffolds_3	1190151	1190450	300	81.8	0	0	g11806(-)	g11807(-)	5569	1	1	98.0	tandem (same direction)
Scaffolds_15	360701	361000	300	81.7	19	0	g2679(+)	g2680(-)	3010	1	1	93.5	convergent (3' ends face each other)
Scaffolds_18	1866051	1866400	350	81.7	0	0	g4745(+)	g4746(-)	9605	1	1	96.9	convergent (3' ends face each other)
Scaffolds_21	2079751	2080050	300	81.7	0	0	g7576(+)	g7577(+)	21052	1	1	99.4	tandem (same direction)
Scaffolds_27	348501	348800	300	81.7	0	0	g10363(+)	g10364(+)	5996	1	1	98.0	tandem (same direction)
Scaffolds_25	1324001	1324550	550	81.6	0	0	g9686(-)	g9687(+)	11732	1	1	87.7	divergent (shared promoter region)
Scaffolds_4	472051	472500	450	81.6	0	0	g13718(+)	g13719(-)	2120	1	1	92.2	convergent (3' ends face each other)
Scaffolds_1	731601	731900	300	81.5	0	0	g672(-)	g673(+)	4780	1	1	92.3	divergent (shared promoter region)
Scaffolds_19	2095151	2095450	300	81.5	0	0	g5932(-)	g5933(+)	2833	1	1	93.7	divergent (shared promoter region)
Scaffolds_22	1818451	1818750	300	81.5	0	0	g8273(-)	g8274(+)	2354	1	1	96.7	divergent (shared promoter region)
Scaffolds_26	1324201	1324500	300	81.5	0	0	g10083(-)	g10084(+)	2560	1	1	94.3	divergent (shared promoter region)
Scaffolds_28	396251	396550	300	81.5	0	0	g10445(-)	g10446(+)	2736	1	1	98.7	divergent (shared promoter region)
Scaffolds_26	1984151	1984500	350	81.4	0	0	g10270(+)	g10271(+)	28237	1	1	95.1	tandem (same direction)
Scaffolds_6	646401	646800	400	81.4	0	0	g15116(-)	g15117(+)	4360	1	1	90.3	divergent (shared promoter region)
Scaffolds_13	641351	641650	300	81.3	0	0	g1929(+)	g1930(+)	28980	1	1	87.7	tandem (same direction)
Scaffolds_18	1255501	1255900	400	81.3	0	0	g4588(-)	g4589(-)	8308	1	1	92.3	tandem (same direction)
Scaffolds_2	680851	681150	300	81.3	0	0	g6229(-)	g6230(-)	1460	1	1	92.4	tandem (same direction)
Scaffolds_20	126301	126600	300	81.3	0	0	g6461(-)	g6462(-)	3431	1	1	89.8	tandem (same direction)
Scaffolds_28	361351	361650	300	81.3	0	0	g10434(-)	g10435(+)	4236	1	1	91.9	divergent (shared promoter region)
Scaffolds_29	2590951	2591250	300	81.3	0	0	g11278(-)	g11279(-)	5981	1	1	97.0	tandem (same direction)
Scaffolds_3	884051	884350	300	81.3	0	0	g11721(-)	g11722(+)	1984	1	1	97.4	divergent (shared promoter region)
Scaffolds_8	1089251	1089550	300	81.3	0	0	g15655(-)	g15656(-)	26358	1	1	87.0	tandem (same direction)
Scaffolds_11	305101	305400	300	81.2	0	0	g1360(+)	g1361(-)	1128	1	1	98.0	convergent (3' ends face each other)
Scaffolds_13	619401	619750	350	81.2	0	0	g1927(-)	g1928(-)	7395	1	1	96.3	tandem (same direction)
Scaffolds_17	1631001	1631300	300	81.2	0	0	g4233(+)	g4234(-)	3537	1	1	95.1	convergent (3' ends face each other)
Scaffolds_29	1396951	1397250	300	81.2	0	0	g10969(-)	g10970(-)	16704	1	1	96.4	tandem (same direction)
Scaffolds_33	1025951	1026300	350	81.2	0	0	g13083(+)	g13084(-)	3163	1	1	93.4	convergent (3' ends face each other)
Scaffolds_33	1265401	1265700	300	81.2	0	0	g13142(-)	g13143(-)	1333	1	1	97.7	tandem (same direction)
Scaffolds_4	1148601	1148900	300	81.2	0	0	g13888(-)	g13889(-)	1465	1	1	98.7	tandem (same direction)
Scaffolds_0	286201	286550	350	81.1	0	0	g57(-)	g58(+)	6157	1	1	96.9	divergent (shared promoter region)
Scaffolds_18	2225901	2226250	350	81.1	0	0	g4846(-)	g4847(-)	5843	1	1	98.6	tandem (same direction)
Scaffolds_14	1321451	1321750	300	81.0	0	0	g2440(+)	g2441(+)	9204	1	1	98.7	tandem (same direction)
Scaffolds_18	126401	126750	350	81.0	0	0	g4276(-)	g4277(-)	15498	1	1	92.8	tandem (same direction)
Scaffolds_3	223601	223900	300	81.0	0	0	g11529(+)	g11530(+)	2123	1	1	95.8	tandem (same direction)
Scaffolds_31	983001	983300	300	81.0	0	0	g12444(+)	g12445(-)	1638	1	1	93.7	convergent (3' ends face each other)
Scaffolds_32	86201	86550	350	81.0	0	0	g12558(+)	g12559(+)	3718	1	1	96.1	tandem (same direction)
Scaffolds_33	145401	145700	300	81.0	0	0	g12848(-)	g12849(-)	5510	1	1	92.3	tandem (same direction)
Scaffolds_4	1837851	1838150	300	81.0	0	0	g14072(+)	g14073(-)	21670	1	1	95.7	convergent (3' ends face each other)
Scaffolds_5	926751	927250	500	81.0	0	0	g14814(-)	g14815(-)	2598	1	1	95.8	tandem (same direction)
Scaffolds_26	598651	599000	350	80.9	0	0	g9884(-)	g9885(+)	14285	1	1	94.9	divergent (shared promoter region)
Scaffolds_26	2000801	2001150	350	80.9	0	0	g10270(+)	g10271(+)	28237	1	1	92.0	tandem (same direction)
Scaffolds_31	453801	454150	350	80.9	0	0	g12311(+)	g12312(-)	10364	1	1	95.5	convergent (3' ends face each other)
Scaffolds_6	670301	670650	350	80.9	0	0	g15121(+)	g15122(+)	2788	1	1	89.3	tandem (same direction)
Scaffolds_1	334601	334900	300	80.8	0	0	g558(-)	g559(+)	907	1	1	87.3	divergent (shared promoter region)
Scaffolds_15	1465001	1465300	300	80.8	0	0	g2954(-)	g2955(+)	10195	1	1	95.1	divergent (shared promoter region)
Scaffolds_2	528451	528750	300	80.8	0	0	g6182(+)	g6183(+)	837	1	1	97.0	tandem (same direction)
Scaffolds_2	963501	963850	350	80.8	0	0	g6299(+)	g6300(-)	6748	1	1	94.4	convergent (3' ends face each other)
Scaffolds_3	895151	895600	450	80.8	0	0	g11724(-)	g11725(+)	2580	1	1	89.3	divergent (shared promoter region)
Scaffolds_32	767001	767300	300	80.8	0	0	g12761(+)	g12762(+)	11311	1	1	91.2	tandem (same direction)
Scaffolds_0	125851	126150	300	80.7	0	0	g17(-)	g18(+)	14312	1	1	99.3	divergent (shared promoter region)
Scaffolds_18	3463451	3463750	300	80.7	0	0	g5172(+)	g5173(+)	2388	1	1	100.0	tandem (same direction)
Scaffolds_24	1629751	1630050	300	80.7	0	0	g9263(-)	g9264(-)	1519	1	1	97.1	tandem (same direction)
Scaffolds_1	1287701	1288100	400	80.5	0	0	g816(+)	g817(+)	2776	1	1	89.0	tandem (same direction)
Scaffolds_10	650201	650500	300	80.5	0	0	g989(-)	g990(-)	15741	1	1	92.1	tandem (same direction)
Scaffolds_11	903851	904350	500	80.5	0	0	g1513(-)	g1514(+)	7893	1	1	91.3	divergent (shared promoter region)
Scaffolds_11	919851	920250	400	80.5	0	0	g1515(+)	g1516(+)	5776	1	1	97.0	tandem (same direction)
Scaffolds_22	1557551	1557850	300	80.5	0	0	g8210(+)	g8211(+)	23034	1	1	96.3	tandem (same direction)
Scaffolds_22	1719801	1720100	300	80.5	0	0	g8250(-)	g8251(-)	15875	1	1	94.2	tandem (same direction)
Scaffolds_23	2133551	2133850	300	80.5	0	0	g8870(+)	g8871(-)	4993	1	1	99.3	convergent (3' ends face each other)
Scaffolds_6	552101	552400	300	80.5	0	0	g15084(-)	g15085(+)	4784	1	1	90.3	divergent (shared promoter region)
Scaffolds_8	154651	154950	300	80.5	0	0	g15396(+)	g15397(+)	2923	1	1	99.0	tandem (same direction)
Scaffolds_26	1188701	1189050	350	80.4	0	0	g10044(-)	g10045(+)	3246	1	1	89.7	divergent (shared promoter region)
Scaffolds_1	872951	873250	300	80.3	0	0	g723(-)	g724(+)	1699	1	1	94.3	divergent (shared promoter region)
Scaffolds_11	1122651	1122950	300	80.3	0	0	g1571(+)	g1572(-)	2422	1	1	96.4	convergent (3' ends face each other)
Scaffolds_13	646701	647000	300	80.3	0	0	g1929(+)	g1930(+)	28980	1	1	93.4	tandem (same direction)
Scaffolds_15	2799501	2799850	350	80.3	0	0	g3305(-)	g3306(+)	3771	1	1	97.4	divergent (shared promoter region)
Scaffolds_18	2122501	2122850	350	80.3	0	0	g4823(+)	g4824(-)	3140	1	1	92.5	convergent (3' ends face each other)
Scaffolds_28	935301	935600	300	80.3	0	0	g10573(+)	g10574(-)	1290	1	1	92.3	convergent (3' ends face each other)
Scaffolds_4	2391751	2392050	300	80.3	0	0	g14226(+)	g14227(-)	3265	1	1	98.3	convergent (3' ends face each other)
Scaffolds_10	247651	247950	300	80.2	0	0	g896(+)	g897(+)	2685	1	1	95.7	tandem (same direction)
Scaffolds_18	3325951	3326300	350	80.2	0	0	g5144(-)	g5145(+)	53487	1	1	98.3	divergent (shared promoter region)
Scaffolds_2	1079101	1079400	300	80.2	0	0	g6321(-)	g6322(+)	3184	1	1	97.0	divergent (shared promoter region)
Scaffolds_20	1500301	1500600	300	80.2	0	0	g6836(+)	g6837(-)	1807	1	1	98.7	convergent (3' ends face each other)
Scaffolds_21	2092501	2092850	350	80.2	3	0	g7578(-)	g7579(+)	3963	1	1	91.7	divergent (shared promoter region)
Scaffolds_23	1038801	1039100	300	80.2	0	0	g8597(-)	g8598(+)	10727	1	1	99.0	divergent (shared promoter region)
Scaffolds_24	668251	668550	300	80.2	0	0	g9054(-)	g9055(-)	32493	1	1	98.3	tandem (same direction)
Scaffolds_3	1283901	1284200	300	80.2	0	0	g11819(+)	g11820(+)	16575	1	1	94.5	tandem (same direction)
Scaffolds_32	114701	115000	300	80.2	0	0	g12562(-)	g12563(+)	9061	1	1	97.4	divergent (shared promoter region)
Scaffolds_33	867051	867350	300	80.2	0	0	g13035(-)	g13036(-)	27432	1	1	92.3	tandem (same direction)
Scaffolds_4	693251	693550	300	80.2	0	0	g13768(-)	g13769(-)	41170	1	1	99.0	tandem (same direction)
Scaffolds_22	1970551	1970900	350	80.1	0	0	g8320(-)	g8321(+)	9272	1	1	95.2	divergent (shared promoter region)
Scaffolds_8	502301	502650	350	80.1	0	0	g15489(-)	g15490(+)	2764	1	1	99.4	divergent (shared promoter region)
Scaffolds_12	46151	46450	300	80.0	0	0	g1716(+)	g1717(-)	21716	1	1	99.3	convergent (3' ends face each other)
Scaffolds_20	1127351	1127700	350	80.0	0	0	g6738(+)	g6739(-)	5371	1	1	93.8	convergent (3' ends face each other)
Scaffolds_25	670351	670650	300	80.0	0	0	g9502(+)	g9503(+)	7976	1	1	98.3	tandem (same direction)
Scaffolds_33	1316901	1317200	300	80.0	0	0	g13153(+)	g13154(+)	1906	1	1	90.7	tandem (same direction)
Scaffolds_4	3548651	3548950	300	80.0	0	0	g14498(-)	g14499(-)	9952	1	1	90.8	tandem (same direction)
Scaffolds_4	3647951	3648250	300	80.0	0	0	g14526(-)	g14527(+)	2357	1	1	97.0	divergent (shared promoter region)
Scaffolds_8	785901	786200	300	80.0	0	0	g15572(-)	g15573(+)	1063	1	1	95.4	divergent (shared promoter region)
Scaffolds_10	824051	824400	350	79.9	0	0	g1048(-)	g1049(-)	6425	1	1	94.1	tandem (same direction)
Scaffolds_10	539801	540150	350	79.8	0	0	g962(-)	g963(+)	2104	1	1	97.8	divergent (shared promoter region)
Scaffolds_17	341001	341300	300	79.8	0	0	g3864(+)	g3865(+)	6026	1	1	94.4	tandem (same direction)
Scaffolds_20	1282151	1282450	300	79.8	0	0	g6772(+)	g6773(+)	13477	1	1	92.4	tandem (same direction)
Scaffolds_29	2985401	2985700	300	79.8	0	0	g11400(+)	g11401(-)	1391	1	1	93.9	convergent (3' ends face each other)
Scaffolds_31	125601	126000	400	79.8	0	0	g12212(-)	g12213(+)	3711	1	1	93.1	divergent (shared promoter region)
Scaffolds_32	838101	838450	350	79.8	0	0	g12782(-)	g12783(+)	11074	1	1	96.0	divergent (shared promoter region)
Scaffolds_33	1025301	1025600	300	79.8	0	0	g13083(+)	g13084(-)	3163	1	1	95.7	convergent (3' ends face each other)
Scaffolds_4	1450751	1451100	350	79.8	0	0	g13968(-)	g13969(-)	2748	1	1	88.2	tandem (same direction)
Scaffolds_4	2925251	2925600	350	79.8	0	0	g14351(-)	g14352(-)	33176	1	1	91.0	tandem (same direction)
Scaffolds_4	2612001	2612300	300	79.7	0	0	g14286(+)	g14287(+)	14759	1	1	95.7	tandem (same direction)
Scaffolds_10	638851	639200	350	79.5	0	0	g989(-)	g990(-)	15741	1	1	90.1	tandem (same direction)
Scaffolds_23	2117301	2117600	300	79.5	0	0	g8868(-)	g8869(-)	24671	1	1	97.0	tandem (same direction)
Scaffolds_26	117201	117500	300	79.5	0	0	g9750(-)	g9751(-)	468	1	1	96.7	tandem (same direction)
Scaffolds_32	748151	748500	350	79.5	0	0	g12757(-)	g12758(+)	2876	1	1	95.0	divergent (shared promoter region)
Scaffolds_33	548451	548800	350	79.5	0	0	g12957(+)	g12958(+)	7893	1	1	94.3	tandem (same direction)
Scaffolds_4	394351	394650	300	79.5	0	0	g13700(-)	g13701(-)	43524	1	1	98.4	tandem (same direction)
Scaffolds_4	679351	679700	350	79.5	0	0	g13768(-)	g13769(-)	41170	1	1	95.7	tandem (same direction)
Scaffolds_4	2264551	2264850	300	79.5	0	0	g14195(-)	g14196(+)	2196	1	1	98.1	divergent (shared promoter region)
Scaffolds_4	3561351	3561650	300	79.5	0	0	g14499(-)	g14500(+)	13911	1	1	99.7	divergent (shared promoter region)
Scaffolds_10	815101	815450	350	79.4	0	0	g1047(+)	g1048(-)	6068	1	1	97.4	convergent (3' ends face each other)
Scaffolds_23	1500551	1501000	450	79.4	0	0	g8700(-)	g8701(+)	6715	1	1	95.1	divergent (shared promoter region)
Scaffolds_10	1440151	1440450	300	79.3	0	0	g1225(-)	g1226(+)	2752	1	1	98.0	divergent (shared promoter region)
Scaffolds_18	562951	563250	300	79.3	0	0	g4399(+)	g4400(-)	2704	1	1	96.3	convergent (3' ends face each other)
Scaffolds_20	1930401	1930700	300	79.3	0	0	g6950(-)	g6951(+)	13218	1	1	98.0	divergent (shared promoter region)
Scaffolds_21	2034801	2035150	350	79.2	0	0	g7567(-)	g7568(-)	1666	1	1	98.9	tandem (same direction)
Scaffolds_23	1546151	1546450	300	79.2	0	0	g8711(-)	g8712(-)	4841	1	1	98.7	tandem (same direction)
Scaffolds_26	441351	441650	300	79.2	0	0	g9843(-)	g9844(+)	4456	1	1	100.0	divergent (shared promoter region)
Scaffolds_26	1455701	1456000	300	79.2	7	0	g10131(-)	g10132(+)	1871	1	1	95.7	divergent (shared promoter region)
Scaffolds_3	1446701	1447000	300	79.2	0	0	g11869(-)	g11870(-)	4432	1	1	95.1	tandem (same direction)
Scaffolds_4	3051601	3051900	300	79.2	0	0	g14373(-)	g14374(+)	8526	1	1	91.1	divergent (shared promoter region)
Scaffolds_3	1456251	1456600	350	79.0	0	0	g11871(-)	g11872(-)	3573	1	1	98.6	tandem (same direction)
Scaffolds_33	1765501	1765800	300	79.0	0	0	g13285(-)	g13286(+)	4262	1	1	98.0	divergent (shared promoter region)
Scaffolds_9	667951	668250	300	79.0	0	0	g16014(-)	g16015(+)	3316	1	1	96.6	divergent (shared promoter region)
Scaffolds_15	1201401	1201750	350	78.5	0	0	g2899(+)	g2900(+)	11019	1	1	92.0	tandem (same direction)
Scaffolds_33	757551	757900	350	78.5	0	0	g13006(-)	g13007(+)	15421	1	1	94.5	divergent (shared promoter region)
