scaffold	start	end	length	gene_fraction	repeat_fraction	satellite_fraction	AT_fraction	position_along_scaffold	near_scaffold_end
Scaffolds_18	3155001	3260000	105000	0.07	0.17	0.0	0.575	0.82	False
Scaffolds_8	1255001	1340000	85000	0.08	0.02	0.0	0.585	0.73	False
Scaffolds_33	2210001	2290000	80000	0.05	0.04	0.0	0.59	0.72	False
Scaffolds_14	890001	965000	75000	0.06	0.02	0.0	0.567	0.49	False
Scaffolds_16	210001	285000	75000	0.13	0.03	0.0	0.559	0.17	False
Scaffolds_20	1225001	1295000	70000	0.12	0.01	0.0	0.564	0.54	False
Scaffolds_20	1880001	1950000	70000	0.14	0.03	0.0	0.559	0.83	False
Scaffolds_26	545001	615000	70000	0.08	0.02	0.0	0.583	0.28	False
Scaffolds_4	2555001	2620000	65000	0.11	0.03	0.0	0.561	0.67	False
Scaffolds_15	2130001	2195000	65000	0.17	0.05	0.0	0.561	0.72	False
Scaffolds_4	3015001	3075000	60000	0.11	0.01	0.0	0.567	0.79	False
Scaffolds_5	465001	525000	60000	0.16	0.02	0.0	0.584	0.35	False
Scaffolds_5	760001	820000	60000	0.06	0.03	0.0	0.569	0.56	False
Scaffolds_11	880001	940000	60000	0.16	0.03	0.0	0.562	0.54	False
Scaffolds_22	1695001	1755000	60000	0.09	0.01	0.0	0.591	0.82	False
Scaffolds_25	1295001	1355000	60000	0.07	0.01	0.0	0.575	0.86	False
Scaffolds_29	335001	395000	60000	0.08	0.03	0.0	0.586	0.11	False
Scaffolds_32	65001	125000	60000	0.11	0.03	0.0	0.569	0.1	True
Scaffolds_33	1765001	1825000	60000	0.07	0.02	0.0	0.574	0.57	False
Scaffolds_3	1255001	1310000	55000	0.06	0.03	0.0	0.572	0.65	False
Scaffolds_4	2900001	2955000	55000	0.04	0.01	0.0	0.57	0.76	False
Scaffolds_6	360001	415000	55000	0.14	0.04	0.0	0.571	0.37	False
Scaffolds_8	1050001	1105000	55000	0.05	0.02	0.0	0.584	0.61	False
Scaffolds_14	1415001	1470000	55000	0.09	0.02	0.0	0.577	0.76	False
Scaffolds_18	115001	170000	55000	0.04	0.04	0.0	0.577	0.04	False
Scaffolds_23	2075001	2130000	55000	0.04	0.3	0.0	0.564	0.97	True
Scaffolds_29	1875001	1930000	55000	0.12	0.01	0.0	0.567	0.59	False
Scaffolds_0	1285001	1335000	50000	0.17	0.02	0.0	0.552	0.75	False
Scaffolds_4	355001	405000	50000	0.02	0.03	0.0	0.583	0.1	False
Scaffolds_4	1795001	1845000	50000	0.07	0.02	0.0	0.584	0.47	False
Scaffolds_4	2845001	2895000	50000	0.06	0.03	0.0	0.595	0.74	False
Scaffolds_11	415001	465000	50000	0.03	0.04	0.0	0.577	0.26	False
Scaffolds_12	1	50000	50000	0.03	0.03	0.0	0.574	0.09	True
Scaffolds_13	615001	665000	50000	0.07	0.06	0.0	0.591	0.58	False
Scaffolds_18	35001	85000	50000	0.08	0.03	0.0	0.582	0.02	True
Scaffolds_18	1220001	1270000	50000	0.17	0.01	0.0	0.559	0.32	False
Scaffolds_18	3305001	3355000	50000	0.0	0.03	0.0	0.595	0.85	False
Scaffolds_22	895001	945000	50000	0.16	0.06	0.0	0.561	0.44	False
Scaffolds_23	1085001	1135000	50000	0.15	0.03	0.0	0.546	0.51	False
Scaffolds_23	1415001	1465000	50000	0.0	1.0	0.0	0.481	0.66	False
Scaffolds_26	1895001	1945000	50000	0.11	0.05	0.0	0.563	0.92	False
Scaffolds_27	85001	135000	50000	0.09	0.04	0.01	0.558	0.29	True
Scaffolds_28	135001	185000	50000	0.06	0.1	0.0	0.61	0.14	False
Scaffolds_28	455001	505000	50000	0.12	0.09	0.0	0.565	0.43	False
Scaffolds_29	920001	970000	50000	0.03	0.02	0.0	0.573	0.29	False
Scaffolds_29	1365001	1415000	50000	0.1	0.02	0.0	0.579	0.43	False
Scaffolds_1	875001	920000	45000	0.05	0.01	0.0	0.618	0.62	False
Scaffolds_6	95001	140000	45000	0.12	0.04	0.0	0.559	0.11	True
Scaffolds_8	125001	170000	45000	0.15	0.06	0.0	0.565	0.08	False
Scaffolds_15	1055001	1100000	45000	0.09	0.14	0.0	0.563	0.36	False
Scaffolds_24	800001	845000	45000	0.05	0.01	0.0	0.58	0.43	False
Scaffolds_25	140001	185000	45000	0.1	0.04	0.0	0.577	0.11	False
Scaffolds_28	870001	915000	45000	0.17	0.01	0.0	0.58	0.79	False
Scaffolds_33	745001	790000	45000	0.13	0.05	0.0	0.571	0.24	False
Scaffolds_1	1040001	1080000	40000	0.16	0.03	0.0	0.547	0.73	False
Scaffolds_1	1290001	1330000	40000	0.16	0.03	0.0	0.547	0.9	False
Scaffolds_4	660001	700000	40000	0.01	0.02	0.0	0.605	0.18	False
Scaffolds_4	1105001	1145000	40000	0.12	0.02	0.0	0.566	0.29	False
Scaffolds_7	380001	420000	40000	0.14	0.02	0.0	0.568	0.63	False
Scaffolds_11	320001	360000	40000	0.0	0.0	0.0	0.61	0.2	False
Scaffolds_15	710001	750000	40000	0.02	0.03	0.0	0.593	0.24	False
Scaffolds_18	3065001	3105000	40000	0.19	0.01	0.0	0.575	0.79	False
Scaffolds_20	2205001	2245000	40000	0.16	0.02	0.0	0.553	0.96	True
Scaffolds_22	1540001	1580000	40000	0.11	0.01	0.0	0.585	0.74	False
Scaffolds_22	1950001	1990000	40000	0.18	0.01	0.0	0.542	0.94	False
Scaffolds_23	1020001	1060000	40000	0.09	0.04	0.0	0.578	0.48	False
Scaffolds_23	1850001	1890000	40000	0.12	0.02	0.0	0.576	0.86	False
Scaffolds_24	640001	680000	40000	0.06	0.01	0.0	0.62	0.34	False
Scaffolds_24	1070001	1110000	40000	0.08	0.03	0.0	0.557	0.57	False
Scaffolds_24	1595001	1635000	40000	0.19	0.01	0.0	0.564	0.84	False
Scaffolds_28	995001	1035000	40000	0.16	0.03	0.01	0.564	0.9	True
Scaffolds_29	1	40000	40000	0.0	0.9	0.36	0.576	0.01	True
Scaffolds_33	520001	560000	40000	0.07	0.01	0.0	0.591	0.17	False
Scaffolds_33	1020001	1060000	40000	0.14	0.03	0.0	0.567	0.33	False
Scaffolds_33	2055001	2095000	40000	0.07	0.01	0.0	0.564	0.66	False
Scaffolds_1	940001	975000	35000	0.05	0.04	0.0	0.565	0.66	False
Scaffolds_2	35001	70000	35000	0.02	0.35	0.04	0.601	0.03	True
Scaffolds_2	1105001	1140000	35000	0.14	0.06	0.0	0.586	0.74	False
Scaffolds_2	1225001	1260000	35000	0.15	0.03	0.0	0.553	0.82	False
Scaffolds_3	550001	585000	35000	0.08	0.01	0.0	0.585	0.29	False
Scaffolds_4	3125001	3160000	35000	0.12	0.06	0.0	0.548	0.81	False
Scaffolds_5	600001	635000	35000	0.11	0.03	0.0	0.57	0.43	False
Scaffolds_5	1265001	1300000	35000	0.1	0.03	0.0	0.568	0.9	False
Scaffolds_13	405001	440000	35000	0.17	0.04	0.0	0.571	0.38	False
Scaffolds_14	1080001	1115000	35000	0.13	0.03	0.0	0.554	0.58	False
Scaffolds_14	1250001	1285000	35000	0.12	0.03	0.0	0.567	0.67	False
Scaffolds_15	975001	1010000	35000	0.14	0.04	0.0	0.553	0.33	False
Scaffolds_15	1295001	1330000	35000	0.1	0.11	0.0	0.575	0.44	False
Scaffolds_17	40001	75000	35000	0.1	0.08	0.0	0.585	0.03	True
Scaffolds_17	1215001	1250000	35000	0.03	0.06	0.0	0.589	0.68	False
Scaffolds_18	590001	625000	35000	0.14	0.0	0.0	0.59	0.15	False
Scaffolds_18	1840001	1875000	35000	0.07	0.02	0.0	0.567	0.47	False
Scaffolds_18	2060001	2095000	35000	0.1	0.09	0.0	0.584	0.53	False
Scaffolds_19	510001	545000	35000	0.19	0.03	0.0	0.578	0.2	False
Scaffolds_19	2440001	2475000	35000	0.19	0.03	0.0	0.562	0.95	False
Scaffolds_20	1335001	1370000	35000	0.11	0.04	0.0	0.549	0.58	False
Scaffolds_22	460001	495000	35000	0.11	0.04	0.0	0.552	0.23	False
Scaffolds_23	875001	910000	35000	0.11	0.1	0.0	0.592	0.41	False
Scaffolds_23	1540001	1575000	35000	0.1	0.01	0.0	0.591	0.72	False
Scaffolds_24	280001	315000	35000	0.18	0.06	0.0	0.556	0.15	False
Scaffolds_26	65001	100000	35000	0.08	0.11	0.0	0.558	0.04	True
Scaffolds_26	835001	870000	35000	0.06	0.01	0.0	0.615	0.41	False
Scaffolds_26	1970001	2005000	35000	0.07	0.02	0.01	0.587	0.95	True
Scaffolds_27	45001	80000	35000	0.1	0.05	0.0	0.587	0.16	True
Scaffolds_29	1720001	1755000	35000	0.14	0.04	0.0	0.559	0.54	False
Scaffolds_31	635001	670000	35000	0.11	0.11	0.0	0.567	0.52	False
Scaffolds_0	660001	690000	30000	0.06	0.06	0.01	0.566	0.39	False
Scaffolds_2	190001	220000	30000	0.17	0.03	0.0	0.585	0.14	False
Scaffolds_2	255001	285000	30000	0.16	0.0	0.0	0.587	0.18	False
Scaffolds_2	1160001	1190000	30000	0.14	0.04	0.0	0.558	0.78	False
Scaffolds_2	1475001	1505000	30000	0.04	0.58	0.24	0.589	0.99	True
Scaffolds_3	315001	345000	30000	0.07	0.01	0.0	0.564	0.17	False
Scaffolds_3	690001	720000	30000	0.19	0.04	0.0	0.611	0.36	False
Scaffolds_3	1440001	1470000	30000	0.15	0.03	0.0	0.575	0.73	False
Scaffolds_4	265001	295000	30000	0.07	0.05	0.0	0.564	0.07	False
Scaffolds_4	1505001	1535000	30000	0.1	0.03	0.0	0.561	0.39	False
Scaffolds_10	235001	265000	30000	0.12	0.03	0.0	0.57	0.15	False
Scaffolds_12	215001	245000	30000	0.03	0.22	0.0	0.595	0.81	True
Scaffolds_13	1	30000	30000	0.0	0.82	0.34	0.583	0.01	True
Scaffolds_14	185001	215000	30000	0.1	0.0	0.0	0.586	0.11	False
Scaffolds_14	715001	745000	30000	0.19	0.03	0.01	0.576	0.39	False
Scaffolds_14	1865001	1895000	30000	0.01	0.59	0.33	0.599	0.99	True
Scaffolds_15	1180001	1210000	30000	0.09	0.0	0.0	0.595	0.4	False
Scaffolds_15	1335001	1365000	30000	0.08	0.04	0.0	0.569	0.45	False
Scaffolds_15	2250001	2280000	30000	0.13	0.03	0.0	0.542	0.76	False
Scaffolds_15	2920001	2950000	30000	0.03	0.32	0.08	0.595	0.98	True
Scaffolds_18	930001	960000	30000	0.09	0.05	0.0	0.556	0.24	False
Scaffolds_18	1910001	1940000	30000	0.1	0.05	0.0	0.582	0.49	False
Scaffolds_19	130001	160000	30000	0.15	0.01	0.0	0.551	0.06	False
Scaffolds_20	1150001	1180000	30000	0.14	0.01	0.0	0.549	0.5	False
Scaffolds_21	1	30000	30000	0.0	0.71	0.29	0.567	0.01	True
Scaffolds_21	645001	675000	30000	0.08	0.01	0.0	0.599	0.23	False
Scaffolds_22	105001	135000	30000	0.14	0.31	0.0	0.563	0.06	False
Scaffolds_24	1245001	1275000	30000	0.09	0.01	0.0	0.622	0.65	False
Scaffolds_24	1295001	1325000	30000	0.09	0.03	0.0	0.604	0.68	False
Scaffolds_25	455001	485000	30000	0.11	0.04	0.0	0.526	0.31	False
Scaffolds_25	645001	675000	30000	0.17	0.01	0.0	0.565	0.43	False
Scaffolds_27	250001	280000	30000	0.13	0.04	0.03	0.536	0.69	False
Scaffolds_28	1	30000	30000	0.01	0.61	0.29	0.595	0.01	True
Scaffolds_30	285001	315000	30000	0.09	0.05	0.0	0.566	0.42	False
Scaffolds_31	490001	520000	30000	0.11	0.0	0.0	0.581	0.4	False
Scaffolds_33	850001	880000	30000	0.04	0.01	0.0	0.611	0.27	False
