gene_id	n_missense	n_stop_changes	padj	log2FC	identity	aa_changes_WT4_to_HS6
g6055.t1	3	0	0.00939275372833404	-1.55362260551719	NA	p.N236K,p.T280N,p.K337Q
g1664.t1	1	0	0.0144016314901301	-1.10906257967093	NA	p.H205Q
g6423.t1	3	0	0.0188949903111075	-1.10887897420565	NA	p.R27F,p.D30S,p.A280V
g15200.t1	1	0	0.0426066121843681	-0.986760224028453	NA	p.K439Q
g1759.t1	2	0	0.0776696778342244	-0.896066363350443	NA	p.E251R,p.T263A
g15197.t1	1	0	0.103790866587161	-1.21861273685029	NA	p.D386N
g12825.t1	1	0	0.18874521032407	-0.954415052113893	NA	p.L470V
g2590.t1	3	0	0.233771442818966	-1.0384312912997	NA	p.A1004S,p.N1014K,p.S1017A
g1760.t1	2	0	0.257082603873183	-0.96531773098629	G-type lectin S-receptor-like serine/threonine-protein kinase RLK1	p.V882I,p.T894A
g1302.t1	2	0	0.418518668028723	-0.919005229117548	NA	p.D55E,p.D78V
g853.t1	1	0	0.554363796003974	-0.507530275722098	NA	p.N83K
g7048.t1	3	0	0.560429442623435	-0.472209022746581	NA	p.L373G,p.N386K,p.T408A
g4258.t1	1	0	0.579280861950981	-0.613249117586807	NA	p.K406Q
g4261.t1	1	0	0.590698362361245	-0.742529310471557	NA	p.G37A
g11455.t1	0	1	0.590698362361245	-0.652068489297878	NA	p.*401R
g6062.t1	2	0	0.615486174713503	-0.615575690582682	G-type lectin S-receptor-like serine/threonine-protein kinase RLK1	p.Y242S,p.E811D
g15195.t1	2	0	0.681881293257316	-0.303351806526638	NA	p.G52E,p.R57S
g4253.t1	3	0	0.716773402297188	-0.475980619044836	NA	p.T11R,p.Q12E,p.D18V
g11453.t2	15	0	0.726378837902664	0.276390423737701	NA	p.M15I,p.R298H,p.R331C,p.M379I,p.G429D,p.Q446K,p.G447E,p.L506F,p.D511A,p.N547S,p.T570A,p.F574I,p.R581H,p.T587A,p.N596K
g1710.t1	4	0	0.728259716215012	-0.606223836604093	NA	p.R422S,p.T471I,p.G474E,p.V552A
g13615.t1	1	0	0.780305942389442	-0.523218837270819	NA	p.Q280D
g9732.t1	2	0	0.82492937514748	0.283078155466754	NA	p.S56I,p.T78S
g3778.t1	1	0	0.863452974526198	-0.303398017748398	G-type lectin S-receptor-like serine/threonine-protein kinase RLK1	p.S590R
g10614.t1	1	0	0.926184758906906	0.101153372643862	NA	p.E51A
g6054.t1	2	0	0.945696094504696	0.222782719228841	NA	p.Q396E,p.M403T
g2581.t1	2	0	None	-0.605036878625044	NA	p.K467M,p.L468V
g4255.t1	5	1	None	-0.421610914770671	NA	p.H216Y,p.K217N,p.*342R,p.S349W,p.A396V,p.A450L
g6061.t1	2	0	None	-1.46883381118331	NA	p.S173A,p.L513G
g8345.t3	1	0	None	None		p.K275N
g8346.t1	1	0	None	None		p.L103P
g10297.t1	1	0	None	2.81097102090385	NA	p.T27I
g10298.t1	1	0	None	0.660711935157535	NA	p.T13R
g11454.t1	2	0	None	-0.776261350576193	NA	p.G173D,p.I241L
g11457.t1	2	0	None	-0.0144754744421751	NA	p.A102T,p.A170T
g12012.t1	1	0	None	-1.00012432329303	NA	p.K112N
g12826.t1	1	0	None	-0.569847199368863	NA	p.T624K
