gene	change	wt4_aa	hs6_aa	blosum62	grantham	impact_class	hydrophobicity_delta_KD	charge_flip	proline_flag	padj	log2FC	identity
g1664	H205Q	H	Q	0	24	MODERATE	-0.3	neutral->charged		0.0144	-1.109	unannotated
g1760	T894A	T	A	0	58	MODERATE	2.5	no		0.2571	-0.965	G-type lectin receptor kinase
g853	N83K	N	K	0	94	MODERATE	-0.4	neutral->charged		0.5544	-0.508	unannotated -- LRR/RanGAP-like (InterProScan)
g11453	M15I	M	I	1	10	CONSERVATIVE	2.6	no		0.7264	0.276	unannotated -- weak ssDNA-ATPase hit
g11453	R298H	R	H	0	29	MODERATE	1.3	no		0.7264	0.276	unannotated
g11453	M379I	M	I	1	10	CONSERVATIVE	2.6	no		0.7264	0.276	unannotated
g11453	L506F	L	F	0	22	MODERATE	-1.0	no		0.7264	0.276	unannotated
g11453	D511A	D	A	-2	126	RADICAL	5.3	neutral->charged		0.7264	0.276	unannotated
g11453	N547S	N	S	1	46	CONSERVATIVE	2.7	no		0.7264	0.276	unannotated
g11453	T570A	T	A	0	58	MODERATE	2.5	no		0.7264	0.276	unannotated
g10614	E51A	E	A	-1	107	MODERATE	5.3	neutral->charged		0.9262	0.101	unannotated -- LRR-family (InterProScan)
g10298	T13R	T	R	-1	71	MODERATE	-3.8	neutral->charged		None	0.661	unannotated -- LRR/Ribonuclease-Inhibitor fold
g12826	T624K	T	K	-1	78	MODERATE	-3.2	neutral->charged		None	-0.57	unannotated -- LRR/RanGAP-like (InterProScan)
g6055	N236K	N	K	0	94	MODERATE	-0.4	neutral->charged		0.0094	-1.554	unannotated -- LRR-family (InterProScan)
g6055	T280N	T	N	0	65	MODERATE	-2.8	no		0.0094	-1.554	unannotated
g6055	K337Q	K	Q	1	53	CONSERVATIVE	0.4	neutral->charged		0.0094	-1.554	unannotated
g6423	R27F	R	F	-3	205	RADICAL	7.3	neutral->charged		0.0189	-1.109	RanGAP-like nuclear transport
g6423	D30S	D	S	0	65	MODERATE	2.7	neutral->charged		0.0189	-1.109	RanGAP-like nuclear transport
g6423	A280V	A	V	0	64	MODERATE	2.4	no		0.0189	-1.109	RanGAP-like nuclear transport
g15200	K439Q	K	Q	1	53	CONSERVATIVE	0.4	neutral->charged		0.0426	-0.987	unannotated -- LRR/RanGAP-adjacent (InterProScan)
g1759	E251R	E	R	0	54	MODERATE	-1.0	YES		0.0777	-0.896	unannotated -- LRR-family (InterProScan)
g1759	T263A	T	A	0	58	MODERATE	2.5	no		0.0777	-0.896	unannotated
