CHROM	START	END	TYPE	PE	SR	MEAN_DEPTH	VERDICT
Scaffolds_0	788978	789784	DEL	3		122.2	ARTIFACT (no depth drop)
Scaffolds_2	69046	70564	DEL	3		141.1	ARTIFACT (no depth drop)
Scaffolds_2	69550	70167	DUP	12		123.4	ARTIFACT (no depth rise)
Scaffolds_3	104153	271054	DEL	0	4	126.9	ARTIFACT (no depth drop)
Scaffolds_3	271066	1570161	DUP	0	3	126.8	ARTIFACT (no depth rise)
Scaffolds_3	1943871	1943899	DEL	0	20	158.1	ARTIFACT (no depth drop)
Scaffolds_4	872555	873224	DEL	3		133.8	ARTIFACT (no depth drop)
Scaffolds_10	1024957	1025217	DUP	3		222.5	REAL (~2x baseline)
Scaffolds_10	1193919	1194311	DEL	3		118.9	ARTIFACT (no depth drop)
Scaffolds_12	213583	214257	DUP	4		182.2	AMBIGUOUS
Scaffolds_12	228007	228035	DEL	0	20	136.6	ARTIFACT (no depth drop)
Scaffolds_14	1787172	1828937	DEL	0	4	157.4	ARTIFACT (no depth drop)
Scaffolds_14	1828668	1829747	DEL	3		150.5	ARTIFACT (no depth drop)
Scaffolds_15	244476	245233	DEL	4		132.1	ARTIFACT (no depth drop)
Scaffolds_15	2916268	2916671	DEL	0	3	143.9	ARTIFACT (no depth drop)
Scaffolds_15	2954169	2954447	DUP	3		171.8	AMBIGUOUS
Scaffolds_16	954962	955694	DEL	3		128.2	ARTIFACT (no depth drop)
Scaffolds_17	1409767	1410075	DUP	4		120.5	ARTIFACT (no depth rise)
Scaffolds_18	1753363	1753861	DEL	3		137.2	ARTIFACT (no depth drop)
Scaffolds_20	875627	1296664	INV	688		N/A	not depth-testable (INV)
Scaffolds_22	101041	1029151	INV	0	5	N/A	not depth-testable (INV)
Scaffolds_22	1309773	1310137	DEL	3		255.1	ARTIFACT (no depth drop)
Scaffolds_22	1428206	1428282	DEL	0	3	220.3	ARTIFACT (no depth drop)
Scaffolds_22	1939891	1940441	DEL	3		248.3	ARTIFACT (no depth drop)
Scaffolds_23	53494	53495	INS	0	3	N/A	not depth-testable (INS)
Scaffolds_26	27538	32609	DUP	9		155.5	AMBIGUOUS
Scaffolds_26	28176	28722	DUP	14		208.6	REAL (~2x baseline)
Scaffolds_26	1592139	1592889	DEL	3		126.1	ARTIFACT (no depth drop)
Scaffolds_27	24170	24497	DUP	6		140.1	ARTIFACT (no depth rise)
Scaffolds_28	956507	957086	DEL	3		291.0	ARTIFACT (no depth drop)
Scaffolds_28	1036491	1037005	DEL	3		260.8	ARTIFACT (no depth drop)
Scaffolds_30	686255	688402	DEL	4		270.2	ARTIFACT (no depth drop)
Scaffolds_33	32598	579278	DUP	6		137.3	ARTIFACT (no depth rise)
Scaffolds_33	43622	43650	DEL	0	20	135.9	ARTIFACT (no depth drop)
Scaffolds_33	579275	582993	DEL	4		144.5	ARTIFACT (no depth drop)
Scaffolds_33	954001	954496	DEL	3		118.1	ARTIFACT (no depth drop)
