plate_id,crop_path,source_image,x,y,w,h,area,circularity,solidity
1,cropped_colonies_environmental\plate001__colony001.jpg,environmental\env_002_143217.jpg,1896,2671,30,22,365.5,0.63,0.941
1,cropped_colonies_environmental\plate001__colony002.jpg,environmental\env_002_143217.jpg,1757,2603,41,37,1143.0,0.885,0.979
1,cropped_colonies_environmental\plate001__colony003.jpg,environmental\env_002_143217.jpg,2309,2075,25,24,357.0,0.582,0.828
1,cropped_colonies_environmental\plate001__colony004.jpg,environmental\env_002_143217.jpg,822,2067,39,38,1089.0,0.794,0.952
1,cropped_colonies_environmental\plate001__colony005.jpg,environmental\env_002_143217.jpg,2101,1993,40,40,1205.0,0.877,0.98
1,cropped_colonies_environmental\plate001__colony006.jpg,environmental\env_002_143217.jpg,2212,1858,82,71,4379.0,0.877,0.988
1,cropped_colonies_environmental\plate001__colony007.jpg,environmental\env_002_143217.jpg,2213,1744,75,77,4369.0,0.799,0.969
1,cropped_colonies_environmental\plate001__colony008.jpg,environmental\env_002_143217.jpg,2246,1673,41,40,1213.0,0.813,0.96
1,cropped_colonies_environmental\plate001__colony009.jpg,environmental\env_002_143217.jpg,793,1549,62,86,3040.5,0.605,0.969
1,cropped_colonies_environmental\plate001__colony010.jpg,environmental\env_002_143217.jpg,1259,1356,74,70,3961.5,0.782,0.963
2,cropped_colonies_environmental\plate002__colony001.jpg,environmental\env_004_143230.jpg,1762,2158,118,118,10614.5,0.816,0.973
2,cropped_colonies_environmental\plate002__colony002.jpg,environmental\env_004_143230.jpg,1651,2054,74,72,3812.0,0.778,0.961
2,cropped_colonies_environmental\plate002__colony003.jpg,environmental\env_004_143230.jpg,1979,1886,169,172,22590.5,0.875,0.991
2,cropped_colonies_environmental\plate002__colony004.jpg,environmental\env_004_143230.jpg,1827,1867,23,25,370.5,0.636,0.88
2,cropped_colonies_environmental\plate002__colony005.jpg,environmental\env_004_143230.jpg,1920,1425,108,116,9308.5,0.736,0.951
3,cropped_colonies_environmental\plate003__colony001.jpg,environmental\env_006_143240.jpg,1825,1799,19,18,257.0,0.914,0.987
3,cropped_colonies_environmental\plate003__colony002.jpg,environmental\env_006_143240.jpg,1670,1340,154,156,18637.0,0.862,0.986
3,cropped_colonies_environmental\plate003__colony003.jpg,environmental\env_006_143240.jpg,1951,1334,25,27,306.5,0.463,0.806
4,cropped_colonies_environmental\plate004__colony001.jpg,environmental\env_008_143255.jpg,1163,2611,72,93,4631.0,0.66,0.933
4,cropped_colonies_environmental\plate004__colony002.jpg,environmental\env_008_143255.jpg,872,2444,79,76,4212.5,0.799,0.972
4,cropped_colonies_environmental\plate004__colony003.jpg,environmental\env_008_143255.jpg,1031,2420,42,40,1285.0,0.866,0.973
4,cropped_colonies_environmental\plate004__colony004.jpg,environmental\env_008_143255.jpg,1769,2270,49,50,1847.0,0.809,0.968
4,cropped_colonies_environmental\plate004__colony005.jpg,environmental\env_008_143255.jpg,1388,2206,43,44,1434.0,0.813,0.965
4,cropped_colonies_environmental\plate004__colony006.jpg,environmental\env_008_143255.jpg,1312,2164,41,40,1215.0,0.858,0.975
4,cropped_colonies_environmental\plate004__colony007.jpg,environmental\env_008_143255.jpg,1994,2068,48,47,1696.5,0.862,0.974
4,cropped_colonies_environmental\plate004__colony008.jpg,environmental\env_008_143255.jpg,1965,1993,47,46,1216.5,0.503,0.815
4,cropped_colonies_environmental\plate004__colony009.jpg,environmental\env_008_143255.jpg,1376,1732,20,18,239.5,0.726,0.912
4,cropped_colonies_environmental\plate004__colony010.jpg,environmental\env_008_143255.jpg,1993,1705,58,57,2489.0,0.859,0.974
4,cropped_colonies_environmental\plate004__colony011.jpg,environmental\env_008_143255.jpg,870,1491,60,66,2744.0,0.741,0.936
5,cropped_colonies_environmental\plate005__colony001.jpg,environmental\env_010_143305.jpg,1241,2545,33,32,781.5,0.863,0.97
5,cropped_colonies_environmental\plate005__colony002.jpg,environmental\env_010_143305.jpg,1058,2519,28,21,313.0,0.615,0.939
5,cropped_colonies_environmental\plate005__colony003.jpg,environmental\env_010_143305.jpg,1547,2453,78,81,4791.5,0.826,0.974
5,cropped_colonies_environmental\plate005__colony004.jpg,environmental\env_010_143305.jpg,972,2452,33,31,471.0,0.559,0.952
5,cropped_colonies_environmental\plate005__colony005.jpg,environmental\env_010_143305.jpg,1678,2435,42,43,1079.0,0.559,0.86
5,cropped_colonies_environmental\plate005__colony006.jpg,environmental\env_010_143305.jpg,1888,2411,33,32,515.5,0.43,0.796
5,cropped_colonies_environmental\plate005__colony007.jpg,environmental\env_010_143305.jpg,1765,2347,90,82,5252.0,0.768,0.962
5,cropped_colonies_environmental\plate005__colony008.jpg,environmental\env_010_143305.jpg,1551,2339,74,75,4284.0,0.857,0.98
5,cropped_colonies_environmental\plate005__colony009.jpg,environmental\env_010_143305.jpg,828,2251,49,67,1905.0,0.621,0.951
5,cropped_colonies_environmental\plate005__colony010.jpg,environmental\env_010_143305.jpg,1582,2159,61,60,2786.5,0.805,0.969
5,cropped_colonies_environmental\plate005__colony011.jpg,environmental\env_010_143305.jpg,782,2129,55,81,2824.5,0.665,0.969
5,cropped_colonies_environmental\plate005__colony012.jpg,environmental\env_010_143305.jpg,1451,2095,39,40,1191.0,0.862,0.973
5,cropped_colonies_environmental\plate005__colony013.jpg,environmental\env_010_143305.jpg,1394,2043,33,32,806.0,0.88,0.979
5,cropped_colonies_environmental\plate005__colony014.jpg,environmental\env_010_143305.jpg,1264,1970,60,59,2709.0,0.882,0.982
5,cropped_colonies_environmental\plate005__colony015.jpg,environmental\env_010_143305.jpg,2015,1951,53,45,1547.0,0.675,0.914
5,cropped_colonies_environmental\plate005__colony016.jpg,environmental\env_010_143305.jpg,1142,1927,75,75,4277.0,0.858,0.978
5,cropped_colonies_environmental\plate005__colony017.jpg,environmental\env_010_143305.jpg,907,1866,93,92,6655.0,0.885,0.987
5,cropped_colonies_environmental\plate005__colony018.jpg,environmental\env_010_143305.jpg,1400,1825,70,70,3795.5,0.868,0.982
5,cropped_colonies_environmental\plate005__colony019.jpg,environmental\env_010_143305.jpg,1151,1647,102,106,7502.5,0.635,0.927
5,cropped_colonies_environmental\plate005__colony020.jpg,environmental\env_010_143305.jpg,1542,1586,60,89,3751.0,0.625,0.907
5,cropped_colonies_environmental\plate005__colony021.jpg,environmental\env_010_143305.jpg,1327,1583,74,77,4334.5,0.814,0.969
5,cropped_colonies_environmental\plate005__colony022.jpg,environmental\env_010_143305.jpg,902,1522,106,113,8576.0,0.766,0.959
5,cropped_colonies_environmental\plate005__colony023.jpg,environmental\env_010_143305.jpg,1677,1445,42,45,1431.5,0.805,0.967
5,cropped_colonies_environmental\plate005__colony024.jpg,environmental\env_010_143305.jpg,1448,1346,63,62,2882.5,0.801,0.962
6,cropped_colonies_environmental\plate006__colony001.jpg,environmental\env_012_143315.jpg,1461,2367,47,53,1815.0,0.798,0.962
6,cropped_colonies_environmental\plate006__colony002.jpg,environmental\env_012_143315.jpg,1039,2260,112,110,9454.5,0.878,0.988
6,cropped_colonies_environmental\plate006__colony003.jpg,environmental\env_012_143315.jpg,1276,2206,57,55,2386.0,0.798,0.962
6,cropped_colonies_environmental\plate006__colony004.jpg,environmental\env_012_143315.jpg,1867,2152,22,21,343.0,0.902,0.979
6,cropped_colonies_environmental\plate006__colony005.jpg,environmental\env_012_143315.jpg,891,1936,29,28,611.5,0.825,0.96
6,cropped_colonies_environmental\plate006__colony006.jpg,environmental\env_012_143315.jpg,1368,1879,107,101,8184.5,0.866,0.983
6,cropped_colonies_environmental\plate006__colony007.jpg,environmental\env_012_143315.jpg,1817,1831,117,112,9459.5,0.787,0.973
6,cropped_colonies_environmental\plate006__colony008.jpg,environmental\env_012_143315.jpg,995,1789,96,107,5793.5,0.576,0.882
6,cropped_colonies_environmental\plate006__colony009.jpg,environmental\env_012_143315.jpg,1005,1688,64,69,3206.5,0.787,0.962
6,cropped_colonies_environmental\plate006__colony010.jpg,environmental\env_012_143315.jpg,1112,1659,23,22,381.5,0.855,0.967
7,cropped_colonies_environmental\plate007__colony001.jpg,environmental\env_014_143622.jpg,1128,2766,44,36,1144.0,0.804,0.97
7,cropped_colonies_environmental\plate007__colony002.jpg,environmental\env_014_143622.jpg,1305,2678,60,58,2563.5,0.826,0.965
7,cropped_colonies_environmental\plate007__colony003.jpg,environmental\env_014_143622.jpg,1486,2554,46,46,1614.5,0.873,0.981
7,cropped_colonies_environmental\plate007__colony004.jpg,environmental\env_014_143622.jpg,1280,2507,39,47,1275.0,0.792,0.949
7,cropped_colonies_environmental\plate007__colony005.jpg,environmental\env_014_143622.jpg,1195,2469,36,36,975.0,0.902,0.984
7,cropped_colonies_environmental\plate007__colony006.jpg,environmental\env_014_143622.jpg,1248,2362,24,23,427.5,0.89,0.983
7,cropped_colonies_environmental\plate007__colony007.jpg,environmental\env_014_143622.jpg,1014,2300,150,160,15066.0,0.575,0.904
7,cropped_colonies_environmental\plate007__colony008.jpg,environmental\env_014_143622.jpg,1301,2252,141,140,14653.5,0.839,0.982
7,cropped_colonies_environmental\plate007__colony009.jpg,environmental\env_014_143622.jpg,2153,2182,29,30,637.5,0.793,0.95
7,cropped_colonies_environmental\plate007__colony010.jpg,environmental\env_014_143622.jpg,1150,2018,43,43,1402.0,0.885,0.979
7,cropped_colonies_environmental\plate007__colony011.jpg,environmental\env_014_143622.jpg,1876,1953,22,24,393.5,0.743,0.93
7,cropped_colonies_environmental\plate007__colony012.jpg,environmental\env_014_143622.jpg,1950,1920,87,79,4229.5,0.556,0.845
7,cropped_colonies_environmental\plate007__colony013.jpg,environmental\env_014_143622.jpg,1740,1848,93,92,6631.5,0.854,0.983
7,cropped_colonies_environmental\plate007__colony014.jpg,environmental\env_014_143622.jpg,1206,1848,44,42,1368.0,0.836,0.968
7,cropped_colonies_environmental\plate007__colony015.jpg,environmental\env_014_143622.jpg,1940,1814,41,42,1344.0,0.865,0.974
7,cropped_colonies_environmental\plate007__colony016.jpg,environmental\env_014_143622.jpg,961,1774,55,50,1979.0,0.807,0.966
7,cropped_colonies_environmental\plate007__colony017.jpg,environmental\env_014_143622.jpg,1102,1768,28,31,607.5,0.792,0.943
7,cropped_colonies_environmental\plate007__colony018.jpg,environmental\env_014_143622.jpg,1736,1744,41,40,1236.5,0.851,0.97
7,cropped_colonies_environmental\plate007__colony019.jpg,environmental\env_014_143622.jpg,1654,1713,32,35,829.0,0.76,0.94
7,cropped_colonies_environmental\plate007__colony020.jpg,environmental\env_014_143622.jpg,2145,1615,31,51,974.5,0.599,0.924
7,cropped_colonies_environmental\plate007__colony021.jpg,environmental\env_014_143622.jpg,1644,1474,42,42,1196.0,0.712,0.924
7,cropped_colonies_environmental\plate007__colony022.jpg,environmental\env_014_143622.jpg,1545,1435,55,56,2310.5,0.8,0.961
7,cropped_colonies_environmental\plate007__colony023.jpg,environmental\env_014_143622.jpg,1956,1308,33,35,462.5,0.498,0.925
7,cropped_colonies_environmental\plate007__colony024.jpg,environmental\env_014_143622.jpg,1107,1299,41,43,1055.0,0.599,0.886
8,cropped_colonies_environmental\plate008__colony001.jpg,environmental\env_016_143630.jpg,1816,2617,36,36,976.5,0.843,0.967
8,cropped_colonies_environmental\plate008__colony002.jpg,environmental\env_016_143630.jpg,1934,2580,43,44,1418.5,0.85,0.972
8,cropped_colonies_environmental\plate008__colony003.jpg,environmental\env_016_143630.jpg,1386,2318,85,77,4795.5,0.739,0.953
8,cropped_colonies_environmental\plate008__colony004.jpg,environmental\env_016_143630.jpg,1943,2279,37,37,1061.5,0.891,0.98
8,cropped_colonies_environmental\plate008__colony005.jpg,environmental\env_016_143630.jpg,1858,2266,33,33,813.0,0.875,0.976
8,cropped_colonies_environmental\plate008__colony006.jpg,environmental\env_016_143630.jpg,1108,2198,154,117,9563.5,0.414,0.822
8,cropped_colonies_environmental\plate008__colony007.jpg,environmental\env_016_143630.jpg,2188,2168,36,32,754.5,0.717,0.921
9,cropped_colonies_environmental\plate009__colony001.jpg,environmental\env_018_143641.jpg,1393,2443,43,52,1599.5,0.789,0.958
9,cropped_colonies_environmental\plate009__colony002.jpg,environmental\env_018_143641.jpg,1592,2317,18,19,245.0,0.871,0.963
9,cropped_colonies_environmental\plate009__colony003.jpg,environmental\env_018_143641.jpg,1378,2289,19,19,266.0,0.885,0.976
10,cropped_colonies_environmental\plate010__colony001.jpg,environmental\env_020_143651.jpg,1625,2714,29,20,400.0,0.702,0.943
10,cropped_colonies_environmental\plate010__colony002.jpg,environmental\env_020_143651.jpg,1491,2693,26,28,560.0,0.806,0.951
10,cropped_colonies_environmental\plate010__colony003.jpg,environmental\env_020_143651.jpg,1665,2625,29,30,645.5,0.784,0.949
10,cropped_colonies_environmental\plate010__colony004.jpg,environmental\env_020_143651.jpg,1233,2568,22,22,356.0,0.803,0.946
10,cropped_colonies_environmental\plate010__colony005.jpg,environmental\env_020_143651.jpg,1304,2565,23,23,420.5,0.868,0.975
10,cropped_colonies_environmental\plate010__colony006.jpg,environmental\env_020_143651.jpg,1191,2510,27,27,538.5,0.826,0.96
10,cropped_colonies_environmental\plate010__colony007.jpg,environmental\env_020_143651.jpg,1032,2463,21,21,276.0,0.798,0.955
10,cropped_colonies_environmental\plate010__colony008.jpg,environmental\env_020_143651.jpg,1954,2454,76,97,4063.5,0.569,0.923
10,cropped_colonies_environmental\plate010__colony009.jpg,environmental\env_020_143651.jpg,1413,2454,26,24,474.0,0.862,0.971
10,cropped_colonies_environmental\plate010__colony010.jpg,environmental\env_020_143651.jpg,1506,2377,52,53,2061.0,0.797,0.961
10,cropped_colonies_environmental\plate010__colony011.jpg,environmental\env_020_143651.jpg,1024,2309,21,18,300.0,0.841,0.972
10,cropped_colonies_environmental\plate010__colony012.jpg,environmental\env_020_143651.jpg,1403,2291,53,54,2173.5,0.79,0.963
10,cropped_colonies_environmental\plate010__colony013.jpg,environmental\env_020_143651.jpg,2126,2267,32,40,850.5,0.706,0.942
10,cropped_colonies_environmental\plate010__colony014.jpg,environmental\env_020_143651.jpg,1543,2226,22,21,358.0,0.8,0.956
10,cropped_colonies_environmental\plate010__colony015.jpg,environmental\env_020_143651.jpg,1799,2200,25,27,434.0,0.7,0.91
10,cropped_colonies_environmental\plate010__colony016.jpg,environmental\env_020_143651.jpg,1040,2193,36,28,622.5,0.668,0.894
10,cropped_colonies_environmental\plate010__colony017.jpg,environmental\env_020_143651.jpg,1407,2191,30,43,921.0,0.724,0.93
10,cropped_colonies_environmental\plate010__colony018.jpg,environmental\env_020_143651.jpg,1282,2156,20,19,281.5,0.832,0.959
10,cropped_colonies_environmental\plate010__colony019.jpg,environmental\env_020_143651.jpg,1514,2143,19,22,335.5,0.851,0.974
10,cropped_colonies_environmental\plate010__colony020.jpg,environmental\env_020_143651.jpg,1635,2074,66,64,3220.5,0.808,0.97
10,cropped_colonies_environmental\plate010__colony021.jpg,environmental\env_020_143651.jpg,1265,2071,20,20,305.0,0.834,0.962
10,cropped_colonies_environmental\plate010__colony022.jpg,environmental\env_020_143651.jpg,1387,2052,22,22,374.0,0.818,0.955
10,cropped_colonies_environmental\plate010__colony023.jpg,environmental\env_020_143651.jpg,1404,1970,18,18,232.0,0.755,0.922
10,cropped_colonies_environmental\plate010__colony024.jpg,environmental\env_020_143651.jpg,1663,1915,22,22,356.0,0.856,0.97
10,cropped_colonies_environmental\plate010__colony025.jpg,environmental\env_020_143651.jpg,907,1825,60,63,2321.0,0.628,0.895
10,cropped_colonies_environmental\plate010__colony026.jpg,environmental\env_020_143651.jpg,2039,1700,27,29,567.5,0.76,0.942
10,cropped_colonies_environmental\plate010__colony027.jpg,environmental\env_020_143651.jpg,754,1700,22,18,275.5,0.766,0.935
10,cropped_colonies_environmental\plate010__colony028.jpg,environmental\env_020_143651.jpg,2120,1696,18,20,250.5,0.732,0.916
10,cropped_colonies_environmental\plate010__colony029.jpg,environmental\env_020_143651.jpg,859,1687,82,87,5075.0,0.755,0.953
10,cropped_colonies_environmental\plate010__colony030.jpg,environmental\env_020_143651.jpg,733,1622,27,25,497.0,0.869,0.971
10,cropped_colonies_environmental\plate010__colony031.jpg,environmental\env_020_143651.jpg,1648,1600,66,66,3240.0,0.765,0.961
10,cropped_colonies_environmental\plate010__colony032.jpg,environmental\env_020_143651.jpg,894,1588,52,53,2125.0,0.723,0.951
10,cropped_colonies_environmental\plate010__colony033.jpg,environmental\env_020_143651.jpg,1747,1555,38,29,700.5,0.627,0.877
10,cropped_colonies_environmental\plate010__colony034.jpg,environmental\env_020_143651.jpg,2001,1531,18,22,279.5,0.702,0.913
10,cropped_colonies_environmental\plate010__colony035.jpg,environmental\env_020_143651.jpg,1667,1519,18,20,262.5,0.796,0.941
10,cropped_colonies_environmental\plate010__colony036.jpg,environmental\env_020_143651.jpg,1195,1504,59,63,2754.5,0.811,0.967
10,cropped_colonies_environmental\plate010__colony037.jpg,environmental\env_020_143651.jpg,1964,1455,35,33,822.5,0.736,0.928
11,cropped_colonies_environmental\plate011__colony001.jpg,environmental\env_022_143701.jpg,1658,2731,42,26,550.0,0.539,0.896
11,cropped_colonies_environmental\plate011__colony002.jpg,environmental\env_022_143701.jpg,1720,2622,25,25,467.0,0.874,0.971
11,cropped_colonies_environmental\plate011__colony003.jpg,environmental\env_022_143701.jpg,1483,2496,97,101,7277.5,0.777,0.967
11,cropped_colonies_environmental\plate011__colony004.jpg,environmental\env_022_143701.jpg,1270,2410,70,78,3896.0,0.807,0.967
11,cropped_colonies_environmental\plate011__colony005.jpg,environmental\env_022_143701.jpg,1310,2265,72,53,2155.5,0.558,0.856
11,cropped_colonies_environmental\plate011__colony006.jpg,environmental\env_022_143701.jpg,2180,2217,19,21,299.5,0.833,0.96
11,cropped_colonies_environmental\plate011__colony007.jpg,environmental\env_022_143701.jpg,840,2114,72,70,3694.0,0.767,0.951
11,cropped_colonies_environmental\plate011__colony008.jpg,environmental\env_022_143701.jpg,939,1946,104,107,8609.5,0.851,0.982
11,cropped_colonies_environmental\plate011__colony009.jpg,environmental\env_022_143701.jpg,700,1913,24,25,463.0,0.835,0.969
11,cropped_colonies_environmental\plate011__colony010.jpg,environmental\env_022_143701.jpg,2043,1735,22,20,321.0,0.836,0.961
11,cropped_colonies_environmental\plate011__colony011.jpg,environmental\env_022_143701.jpg,1883,1685,30,31,709.0,0.844,0.963
11,cropped_colonies_environmental\plate011__colony012.jpg,environmental\env_022_143701.jpg,1572,1683,52,47,1797.0,0.809,0.961
11,cropped_colonies_environmental\plate011__colony013.jpg,environmental\env_022_143701.jpg,837,1567,36,37,1036.5,0.866,0.976
11,cropped_colonies_environmental\plate011__colony014.jpg,environmental\env_022_143701.jpg,2028,1526,32,34,852.5,0.834,0.964
11,cropped_colonies_environmental\plate011__colony015.jpg,environmental\env_022_143701.jpg,1019,1516,28,29,588.5,0.813,0.956
11,cropped_colonies_environmental\plate011__colony016.jpg,environmental\env_022_143701.jpg,1654,1321,21,22,352.0,0.866,0.974
11,cropped_colonies_environmental\plate011__colony017.jpg,environmental\env_022_143701.jpg,1319,1289,19,19,286.5,0.868,0.981
11,cropped_colonies_environmental\plate011__colony018.jpg,environmental\env_022_143701.jpg,1654,1267,20,20,314.0,0.858,0.977
12,cropped_colonies_environmental\plate012__colony001.jpg,environmental\env_024_143709.jpg,1745,2519,85,86,5579.5,0.757,0.965
12,cropped_colonies_environmental\plate012__colony002.jpg,environmental\env_024_143709.jpg,1070,1997,41,41,1230.5,0.781,0.949
12,cropped_colonies_environmental\plate012__colony003.jpg,environmental\env_024_143709.jpg,1135,1907,26,24,479.5,0.792,0.95
13,cropped_colonies_environmental\plate013__colony001.jpg,environmental\env_026_144056.jpg,892,1998,18,27,211.0,0.425,0.793
13,cropped_colonies_environmental\plate013__colony002.jpg,environmental\env_026_144056.jpg,1066,1984,27,27,507.0,0.748,0.928
13,cropped_colonies_environmental\plate013__colony003.jpg,environmental\env_026_144056.jpg,1444,1666,27,24,465.0,0.725,0.926
13,cropped_colonies_environmental\plate013__colony004.jpg,environmental\env_026_144056.jpg,451,1596,34,47,724.5,0.458,0.87
13,cropped_colonies_environmental\plate013__colony005.jpg,environmental\env_026_144056.jpg,1140,1528,19,23,306.5,0.712,0.916
13,cropped_colonies_environmental\plate013__colony006.jpg,environmental\env_026_144056.jpg,1750,1266,40,36,759.5,0.633,0.963
13,cropped_colonies_environmental\plate013__colony007.jpg,environmental\env_026_144056.jpg,1465,1131,86,76,4783.0,0.749,0.958
14,cropped_colonies_environmental\plate014__colony001.jpg,environmental\env_028_144104.jpg,1430,2536,28,28,586.0,0.901,0.982
14,cropped_colonies_environmental\plate014__colony002.jpg,environmental\env_028_144104.jpg,1909,2187,155,165,16473.5,0.519,0.885
14,cropped_colonies_environmental\plate014__colony003.jpg,environmental\env_028_144104.jpg,2152,2149,89,87,5773.0,0.839,0.977
14,cropped_colonies_environmental\plate014__colony004.jpg,environmental\env_028_144104.jpg,2148,2012,100,99,7740.0,0.896,0.99
14,cropped_colonies_environmental\plate014__colony005.jpg,environmental\env_028_144104.jpg,1973,1962,20,19,281.5,0.803,0.954
14,cropped_colonies_environmental\plate014__colony006.jpg,environmental\env_028_144104.jpg,2001,1878,51,51,1992.0,0.871,0.978
14,cropped_colonies_environmental\plate014__colony007.jpg,environmental\env_028_144104.jpg,1480,1648,40,42,1290.5,0.771,0.946
14,cropped_colonies_environmental\plate014__colony008.jpg,environmental\env_028_144104.jpg,870,1632,27,26,528.5,0.804,0.945
15,cropped_colonies_environmental\plate015__colony001.jpg,environmental\env_030_144111.jpg,1318,2717,22,22,377.5,0.893,0.981
15,cropped_colonies_environmental\plate015__colony002.jpg,environmental\env_030_144111.jpg,1356,2507,18,20,274.0,0.878,0.977
15,cropped_colonies_environmental\plate015__colony003.jpg,environmental\env_030_144111.jpg,1214,2385,18,18,249.0,0.91,0.984
15,cropped_colonies_environmental\plate015__colony004.jpg,environmental\env_030_144111.jpg,1004,2342,24,23,412.5,0.859,0.963
15,cropped_colonies_environmental\plate015__colony005.jpg,environmental\env_030_144111.jpg,1090,2237,18,18,233.5,0.871,0.965
15,cropped_colonies_environmental\plate015__colony006.jpg,environmental\env_030_144111.jpg,1172,2185,24,23,406.0,0.885,0.976
15,cropped_colonies_environmental\plate015__colony007.jpg,environmental\env_030_144111.jpg,2044,2119,22,22,363.5,0.889,0.976
15,cropped_colonies_environmental\plate015__colony008.jpg,environmental\env_030_144111.jpg,1166,1959,37,33,906.5,0.837,0.964
15,cropped_colonies_environmental\plate015__colony009.jpg,environmental\env_030_144111.jpg,1455,1903,52,40,1357.0,0.581,0.871
15,cropped_colonies_environmental\plate015__colony010.jpg,environmental\env_030_144111.jpg,1307,1850,22,23,381.0,0.868,0.972
15,cropped_colonies_environmental\plate015__colony011.jpg,environmental\env_030_144111.jpg,1644,1766,136,137,14265.0,0.826,0.972
15,cropped_colonies_environmental\plate015__colony012.jpg,environmental\env_030_144111.jpg,2315,1742,20,19,288.5,0.823,0.955
15,cropped_colonies_environmental\plate015__colony013.jpg,environmental\env_030_144111.jpg,1830,1669,169,165,20599.5,0.831,0.986
15,cropped_colonies_environmental\plate015__colony014.jpg,environmental\env_030_144111.jpg,1053,1641,66,74,3533.5,0.749,0.958
15,cropped_colonies_environmental\plate015__colony015.jpg,environmental\env_030_144111.jpg,1632,1586,42,40,1255.0,0.86,0.971
15,cropped_colonies_environmental\plate015__colony016.jpg,environmental\env_030_144111.jpg,1712,1569,32,30,747.5,0.828,0.963
15,cropped_colonies_environmental\plate015__colony017.jpg,environmental\env_030_144111.jpg,1963,1399,134,134,14166.0,0.831,0.982
15,cropped_colonies_environmental\plate015__colony018.jpg,environmental\env_030_144111.jpg,1627,1294,34,34,864.5,0.838,0.966
15,cropped_colonies_environmental\plate015__colony019.jpg,environmental\env_030_144111.jpg,1786,1223,44,44,1474.0,0.826,0.964
16,cropped_colonies_environmental\plate016__colony001.jpg,environmental\env_032_144121.jpg,1138,2749,18,18,244.5,0.876,0.974
16,cropped_colonies_environmental\plate016__colony002.jpg,environmental\env_032_144121.jpg,2050,2417,41,56,1468.5,0.546,0.843
16,cropped_colonies_environmental\plate016__colony003.jpg,environmental\env_032_144121.jpg,2019,2340,33,34,853.0,0.782,0.951
16,cropped_colonies_environmental\plate016__colony004.jpg,environmental\env_032_144121.jpg,1207,2234,21,21,339.0,0.826,0.963
16,cropped_colonies_environmental\plate016__colony005.jpg,environmental\env_032_144121.jpg,1374,2019,27,25,412.5,0.711,0.911
16,cropped_colonies_environmental\plate016__colony006.jpg,environmental\env_032_144121.jpg,1397,1751,37,37,980.5,0.793,0.955
16,cropped_colonies_environmental\plate016__colony007.jpg,environmental\env_032_144121.jpg,1796,1746,32,30,679.0,0.712,0.914
16,cropped_colonies_environmental\plate016__colony008.jpg,environmental\env_032_144121.jpg,1971,1518,21,25,354.0,0.699,0.911
16,cropped_colonies_environmental\plate016__colony009.jpg,environmental\env_032_144121.jpg,1917,1318,33,35,892.5,0.902,0.984
17,cropped_colonies_environmental\plate017__colony001.jpg,environmental\env_034_144129.jpg,1267,2567,23,27,444.5,0.797,0.948
17,cropped_colonies_environmental\plate017__colony002.jpg,environmental\env_034_144129.jpg,1535,2551,30,29,616.5,0.767,0.937
17,cropped_colonies_environmental\plate017__colony003.jpg,environmental\env_034_144129.jpg,1450,2544,24,30,467.0,0.639,0.865
17,cropped_colonies_environmental\plate017__colony004.jpg,environmental\env_034_144129.jpg,1806,2532,20,20,294.5,0.849,0.964
17,cropped_colonies_environmental\plate017__colony005.jpg,environmental\env_034_144129.jpg,1636,2516,50,44,1184.5,0.497,0.83
17,cropped_colonies_environmental\plate017__colony006.jpg,environmental\env_034_144129.jpg,1191,2380,21,18,281.0,0.816,0.957
17,cropped_colonies_environmental\plate017__colony007.jpg,environmental\env_034_144129.jpg,1270,2243,41,61,1581.5,0.602,0.878
17,cropped_colonies_environmental\plate017__colony008.jpg,environmental\env_034_144129.jpg,1679,2195,26,26,502.5,0.891,0.978
17,cropped_colonies_environmental\plate017__colony009.jpg,environmental\env_034_144129.jpg,1446,2130,39,35,1023.0,0.867,0.974
17,cropped_colonies_environmental\plate017__colony010.jpg,environmental\env_034_144129.jpg,1602,1980,22,23,397.0,0.777,0.947
17,cropped_colonies_environmental\plate017__colony011.jpg,environmental\env_034_144129.jpg,785,1764,43,40,1208.5,0.746,0.933
17,cropped_colonies_environmental\plate017__colony012.jpg,environmental\env_034_144129.jpg,700,1759,35,23,443.0,0.448,0.79
17,cropped_colonies_environmental\plate017__colony013.jpg,environmental\env_034_144129.jpg,1119,1334,38,46,979.5,0.571,0.835
17,cropped_colonies_environmental\plate017__colony014.jpg,environmental\env_034_144129.jpg,984,1304,26,30,518.0,0.756,0.925
17,cropped_colonies_environmental\plate017__colony015.jpg,environmental\env_034_144129.jpg,1435,1299,20,20,292.0,0.798,0.95
17,cropped_colonies_environmental\plate017__colony016.jpg,environmental\env_034_144129.jpg,1301,1259,23,25,410.0,0.714,0.916
19,cropped_colonies_environmental\plate019__colony001.jpg,environmental\env_038_144348.jpg,1481,2729,24,19,310.5,0.705,0.932
19,cropped_colonies_environmental\plate019__colony002.jpg,environmental\env_038_144348.jpg,1175,2719,25,24,433.5,0.73,0.916
19,cropped_colonies_environmental\plate019__colony003.jpg,environmental\env_038_144348.jpg,1498,2672,21,20,307.0,0.91,0.981
19,cropped_colonies_environmental\plate019__colony004.jpg,environmental\env_038_144348.jpg,900,2616,38,39,1057.0,0.814,0.961
19,cropped_colonies_environmental\plate019__colony005.jpg,environmental\env_038_144348.jpg,1559,2579,34,36,935.5,0.83,0.965
19,cropped_colonies_environmental\plate019__colony006.jpg,environmental\env_038_144348.jpg,1577,2512,34,34,859.5,0.833,0.965
19,cropped_colonies_environmental\plate019__colony007.jpg,environmental\env_038_144348.jpg,1484,2428,39,54,1488.0,0.631,0.915
19,cropped_colonies_environmental\plate019__colony008.jpg,environmental\env_038_144348.jpg,1051,2380,55,44,1255.5,0.513,0.827
19,cropped_colonies_environmental\plate019__colony009.jpg,environmental\env_038_144348.jpg,1888,2328,38,45,910.5,0.538,0.836
19,cropped_colonies_environmental\plate019__colony010.jpg,environmental\env_038_144348.jpg,734,2213,33,32,784.5,0.795,0.953
19,cropped_colonies_environmental\plate019__colony011.jpg,environmental\env_038_144348.jpg,1306,2194,19,29,395.0,0.693,0.905
19,cropped_colonies_environmental\plate019__colony012.jpg,environmental\env_038_144348.jpg,825,2077,24,20,343.5,0.813,0.949
19,cropped_colonies_environmental\plate019__colony013.jpg,environmental\env_038_144348.jpg,2078,2032,33,33,830.5,0.847,0.97
19,cropped_colonies_environmental\plate019__colony014.jpg,environmental\env_038_144348.jpg,538,2026,37,37,826.5,0.599,0.853
19,cropped_colonies_environmental\plate019__colony015.jpg,environmental\env_038_144348.jpg,2118,1902,21,23,384.0,0.866,0.978
19,cropped_colonies_environmental\plate019__colony016.jpg,environmental\env_038_144348.jpg,1988,1803,31,33,757.0,0.84,0.965
19,cropped_colonies_environmental\plate019__colony017.jpg,environmental\env_038_144348.jpg,514,1798,33,41,1008.5,0.744,0.956
19,cropped_colonies_environmental\plate019__colony018.jpg,environmental\env_038_144348.jpg,2060,1776,35,55,1309.0,0.625,0.894
19,cropped_colonies_environmental\plate019__colony019.jpg,environmental\env_038_144348.jpg,559,1681,32,31,663.0,0.715,0.921
19,cropped_colonies_environmental\plate019__colony020.jpg,environmental\env_038_144348.jpg,1268,1676,56,40,1566.5,0.7,0.925
19,cropped_colonies_environmental\plate019__colony021.jpg,environmental\env_038_144348.jpg,904,1553,30,30,626.0,0.775,0.946
19,cropped_colonies_environmental\plate019__colony022.jpg,environmental\env_038_144348.jpg,712,1478,41,37,1099.0,0.738,0.938
19,cropped_colonies_environmental\plate019__colony023.jpg,environmental\env_038_144348.jpg,1359,1352,28,31,507.5,0.576,0.852
19,cropped_colonies_environmental\plate019__colony024.jpg,environmental\env_038_144348.jpg,1697,1350,41,24,573.5,0.528,0.818
19,cropped_colonies_environmental\plate019__colony025.jpg,environmental\env_038_144348.jpg,1192,1345,24,23,379.5,0.767,0.922
19,cropped_colonies_environmental\plate019__colony026.jpg,environmental\env_038_144348.jpg,1304,1341,23,26,455.0,0.777,0.952
19,cropped_colonies_environmental\plate019__colony027.jpg,environmental\env_038_144348.jpg,1418,1304,28,32,680.5,0.778,0.949
19,cropped_colonies_environmental\plate019__colony028.jpg,environmental\env_038_144348.jpg,1306,1255,28,28,595.0,0.787,0.95
19,cropped_colonies_environmental\plate019__colony029.jpg,environmental\env_038_144348.jpg,1472,1222,39,48,1267.5,0.736,0.948
20,cropped_colonies_environmental\plate020__colony001.jpg,environmental\env_040_144356.jpg,1931,1750,22,21,340.0,0.894,0.978
20,cropped_colonies_environmental\plate020__colony002.jpg,environmental\env_040_144356.jpg,2263,1702,35,36,937.0,0.812,0.951
21,cropped_colonies_environmental\plate021__colony001.jpg,environmental\env_042_144405.jpg,1565,2506,20,21,321.5,0.903,0.982
21,cropped_colonies_environmental\plate021__colony002.jpg,environmental\env_042_144405.jpg,1264,2444,51,56,2121.0,0.812,0.964
21,cropped_colonies_environmental\plate021__colony003.jpg,environmental\env_042_144405.jpg,2080,2375,56,48,1389.0,0.542,0.844
24,cropped_colonies_environmental\plate024__colony001.jpg,environmental\env_048_144430.jpg,1999,2444,30,29,677.5,0.862,0.975
24,cropped_colonies_environmental\plate024__colony002.jpg,environmental\env_048_144430.jpg,2198,2040,41,41,1215.0,0.765,0.95
24,cropped_colonies_environmental\plate024__colony003.jpg,environmental\env_048_144430.jpg,2211,1972,46,45,1539.5,0.792,0.957
24,cropped_colonies_environmental\plate024__colony004.jpg,environmental\env_048_144430.jpg,2061,1923,36,37,993.0,0.821,0.962
24,cropped_colonies_environmental\plate024__colony005.jpg,environmental\env_048_144430.jpg,2134,1866,44,43,1438.0,0.815,0.964
24,cropped_colonies_environmental\plate024__colony006.jpg,environmental\env_048_144430.jpg,1872,1807,31,32,730.5,0.796,0.947
24,cropped_colonies_environmental\plate024__colony007.jpg,environmental\env_048_144430.jpg,1562,1785,39,39,926.0,0.625,0.889
24,cropped_colonies_environmental\plate024__colony008.jpg,environmental\env_048_144430.jpg,1846,1715,31,31,691.0,0.791,0.948
24,cropped_colonies_environmental\plate024__colony009.jpg,environmental\env_048_144430.jpg,1780,1634,34,36,869.5,0.787,0.947
24,cropped_colonies_environmental\plate024__colony010.jpg,environmental\env_048_144430.jpg,2091,1500,64,47,1640.5,0.484,0.809
24,cropped_colonies_environmental\plate024__colony011.jpg,environmental\env_048_144430.jpg,1758,1231,32,35,850.5,0.873,0.974
26,cropped_colonies_environmental\plate026__colony001.jpg,environmental\env_052_144703.jpg,1258,2036,58,58,1720.0,0.438,0.784
27,cropped_colonies_environmental\plate027__colony001.jpg,environmental\env_054_144711.jpg,1646,2621,74,83,4449.5,0.732,0.95
27,cropped_colonies_environmental\plate027__colony002.jpg,environmental\env_054_144711.jpg,1821,2573,85,112,6086.5,0.64,0.913
27,cropped_colonies_environmental\plate027__colony003.jpg,environmental\env_054_144711.jpg,1991,2551,31,29,582.0,0.832,0.977
27,cropped_colonies_environmental\plate027__colony004.jpg,environmental\env_054_144711.jpg,1340,2520,35,36,933.5,0.885,0.98
27,cropped_colonies_environmental\plate027__colony005.jpg,environmental\env_054_144711.jpg,1688,2394,43,44,1438.0,0.869,0.979
27,cropped_colonies_environmental\plate027__colony006.jpg,environmental\env_054_144711.jpg,1482,2329,34,35,882.0,0.869,0.974
27,cropped_colonies_environmental\plate027__colony007.jpg,environmental\env_054_144711.jpg,1948,1796,41,31,959.0,0.804,0.96
27,cropped_colonies_environmental\plate027__colony008.jpg,environmental\env_054_144711.jpg,846,1730,27,26,556.0,0.88,0.979
28,cropped_colonies_environmental\plate028__colony001.jpg,environmental\env_056_144719.jpg,1928,1753,19,19,283.5,0.859,0.971
28,cropped_colonies_environmental\plate028__colony002.jpg,environmental\env_056_144719.jpg,1710,1695,19,18,256.5,0.86,0.975
29,cropped_colonies_environmental\plate029__colony001.jpg,environmental\env_058_144726.jpg,2007,2707,26,24,314.0,0.605,0.929
29,cropped_colonies_environmental\plate029__colony002.jpg,environmental\env_058_144726.jpg,1275,2325,18,22,201.5,0.523,0.814
29,cropped_colonies_environmental\plate029__colony003.jpg,environmental\env_058_144726.jpg,1669,2106,19,20,232.5,0.64,0.877
30,cropped_colonies_environmental\plate030__colony001.jpg,environmental\env_060_144733.jpg,1368,2591,29,27,585.0,0.876,0.977
30,cropped_colonies_environmental\plate030__colony002.jpg,environmental\env_060_144733.jpg,1524,2537,22,22,338.5,0.776,0.94
30,cropped_colonies_environmental\plate030__colony003.jpg,environmental\env_060_144733.jpg,1594,2392,19,23,273.5,0.656,0.889
30,cropped_colonies_environmental\plate030__colony004.jpg,environmental\env_060_144733.jpg,965,2333,28,29,566.0,0.702,0.91
30,cropped_colonies_environmental\plate030__colony005.jpg,environmental\env_060_144733.jpg,2195,2317,36,44,996.0,0.653,0.89
30,cropped_colonies_environmental\plate030__colony006.jpg,environmental\env_060_144733.jpg,2266,2239,28,21,412.0,0.743,0.929
30,cropped_colonies_environmental\plate030__colony007.jpg,environmental\env_060_144733.jpg,944,2181,26,43,675.5,0.543,0.83
30,cropped_colonies_environmental\plate030__colony008.jpg,environmental\env_060_144733.jpg,1618,1852,22,25,294.0,0.585,0.887
30,cropped_colonies_environmental\plate030__colony009.jpg,environmental\env_060_144733.jpg,1788,1765,20,18,214.5,0.526,0.802
30,cropped_colonies_environmental\plate030__colony010.jpg,environmental\env_060_144733.jpg,2053,1690,31,43,938.5,0.684,0.922
31,cropped_colonies_environmental\plate031__colony001.jpg,environmental\env_062_145039.jpg,877,2181,26,27,431.0,0.586,0.835
31,cropped_colonies_environmental\plate031__colony002.jpg,environmental\env_062_145039.jpg,843,2121,20,25,353.5,0.687,0.915
31,cropped_colonies_environmental\plate031__colony003.jpg,environmental\env_062_145039.jpg,1371,1906,21,32,421.0,0.601,0.88
31,cropped_colonies_environmental\plate031__colony004.jpg,environmental\env_062_145039.jpg,1435,1845,18,19,195.0,0.642,0.85
31,cropped_colonies_environmental\plate031__colony005.jpg,environmental\env_062_145039.jpg,2260,1773,70,72,2772.5,0.464,0.817
33,cropped_colonies_environmental\plate033__colony001.jpg,environmental\env_066_145104.jpg,1616,2577,91,93,6438.5,0.791,0.968
34,cropped_colonies_environmental\plate034__colony001.jpg,environmental\env_068_145112.jpg,1800,2538,25,24,458.0,0.826,0.956
34,cropped_colonies_environmental\plate034__colony002.jpg,environmental\env_068_145112.jpg,1059,1916,29,22,433.5,0.762,0.936
34,cropped_colonies_environmental\plate034__colony003.jpg,environmental\env_068_145112.jpg,1415,1856,20,22,253.5,0.649,0.88
34,cropped_colonies_environmental\plate034__colony004.jpg,environmental\env_068_145112.jpg,1204,1362,18,19,198.5,0.641,0.878
34,cropped_colonies_environmental\plate034__colony005.jpg,environmental\env_068_145112.jpg,1590,1312,20,21,234.0,0.547,0.827
35,cropped_colonies_environmental\plate035__colony001.jpg,environmental\env_070_145119.jpg,1885,1988,28,31,568.0,0.715,0.924
35,cropped_colonies_environmental\plate035__colony002.jpg,environmental\env_070_145119.jpg,1787,1985,21,20,315.0,0.761,0.938
35,cropped_colonies_environmental\plate035__colony003.jpg,environmental\env_070_145119.jpg,1636,1858,33,31,719.5,0.695,0.908
35,cropped_colonies_environmental\plate035__colony004.jpg,environmental\env_070_145119.jpg,1398,1711,31,34,797.5,0.791,0.948
35,cropped_colonies_environmental\plate035__colony005.jpg,environmental\env_070_145119.jpg,1920,1474,24,26,455.0,0.828,0.956
35,cropped_colonies_environmental\plate035__colony006.jpg,environmental\env_070_145119.jpg,1243,1272,22,21,342.5,0.857,0.969
35,cropped_colonies_environmental\plate035__colony007.jpg,environmental\env_070_145119.jpg,1059,1246,30,32,715.0,0.783,0.95
35,cropped_colonies_environmental\plate035__colony008.jpg,environmental\env_070_145119.jpg,1144,1202,27,34,631.5,0.695,0.914
36,cropped_colonies_environmental\plate036__colony001.jpg,environmental\env_072_145126.jpg,1398,2485,39,39,994.0,0.668,0.898
36,cropped_colonies_environmental\plate036__colony002.jpg,environmental\env_072_145126.jpg,1449,2419,26,26,512.0,0.848,0.971
36,cropped_colonies_environmental\plate036__colony003.jpg,environmental\env_072_145126.jpg,1757,2356,18,22,287.5,0.8,0.947
36,cropped_colonies_environmental\plate036__colony004.jpg,environmental\env_072_145126.jpg,1995,2159,47,44,1587.0,0.798,0.958
36,cropped_colonies_environmental\plate036__colony005.jpg,environmental\env_072_145126.jpg,892,2084,28,31,501.5,0.596,0.874
36,cropped_colonies_environmental\plate036__colony006.jpg,environmental\env_072_145126.jpg,1982,2061,48,42,1525.0,0.787,0.956
36,cropped_colonies_environmental\plate036__colony007.jpg,environmental\env_072_145126.jpg,1895,1895,18,18,227.5,0.754,0.929
36,cropped_colonies_environmental\plate036__colony008.jpg,environmental\env_072_145126.jpg,1846,1806,28,33,555.0,0.676,0.894
36,cropped_colonies_environmental\plate036__colony009.jpg,environmental\env_072_145126.jpg,1656,1690,38,33,903.0,0.753,0.943
36,cropped_colonies_environmental\plate036__colony010.jpg,environmental\env_072_145126.jpg,1014,1685,41,67,1756.5,0.565,0.893
36,cropped_colonies_environmental\plate036__colony011.jpg,environmental\env_072_145126.jpg,2026,1616,85,80,5172.0,0.781,0.967
36,cropped_colonies_environmental\plate036__colony012.jpg,environmental\env_072_145126.jpg,1981,1515,72,74,3918.5,0.697,0.947
36,cropped_colonies_environmental\plate036__colony013.jpg,environmental\env_072_145126.jpg,1480,1404,46,63,1970.0,0.654,0.916
37,cropped_colonies_environmental\plate037__colony001.jpg,environmental\env_074_145341.jpg,677,2088,35,28,449.0,0.445,0.808
37,cropped_colonies_environmental\plate037__colony002.jpg,environmental\env_074_145341.jpg,1552,1717,19,28,334.5,0.656,0.904
38,cropped_colonies_environmental\plate038__colony001.jpg,environmental\env_076_145352.jpg,1463,2736,39,35,960.0,0.784,0.945
38,cropped_colonies_environmental\plate038__colony002.jpg,environmental\env_076_145352.jpg,1832,2121,60,98,3456.5,0.516,0.861
39,cropped_colonies_environmental\plate039__colony001.jpg,environmental\env_078_145359.jpg,1320,2573,35,34,900.5,0.878,0.978
39,cropped_colonies_environmental\plate039__colony002.jpg,environmental\env_078_145359.jpg,1392,2553,106,102,8428.5,0.845,0.983
39,cropped_colonies_environmental\plate039__colony003.jpg,environmental\env_078_145359.jpg,1561,2387,68,73,3773.5,0.866,0.983
39,cropped_colonies_environmental\plate039__colony004.jpg,environmental\env_078_145359.jpg,1945,2324,85,86,5567.5,0.87,0.984
39,cropped_colonies_environmental\plate039__colony005.jpg,environmental\env_078_145359.jpg,1783,2042,21,21,330.5,0.906,0.982
39,cropped_colonies_environmental\plate039__colony006.jpg,environmental\env_078_145359.jpg,1854,2023,102,104,7048.5,0.652,0.908
39,cropped_colonies_environmental\plate039__colony007.jpg,environmental\env_078_145359.jpg,1556,1995,29,31,603.5,0.721,0.919
39,cropped_colonies_environmental\plate039__colony008.jpg,environmental\env_078_145359.jpg,2037,1892,37,27,603.0,0.57,0.858
39,cropped_colonies_environmental\plate039__colony009.jpg,environmental\env_078_145359.jpg,1978,1760,21,21,334.5,0.886,0.977
39,cropped_colonies_environmental\plate039__colony010.jpg,environmental\env_078_145359.jpg,1742,1639,18,18,238.0,0.906,0.979
39,cropped_colonies_environmental\plate039__colony011.jpg,environmental\env_078_145359.jpg,1602,1488,51,56,2130.5,0.78,0.958
40,cropped_colonies_environmental\plate040__colony001.jpg,environmental\env_080_145406.jpg,1408,2540,20,19,278.5,0.823,0.957
40,cropped_colonies_environmental\plate040__colony002.jpg,environmental\env_080_145406.jpg,1462,2513,22,23,358.5,0.804,0.957
40,cropped_colonies_environmental\plate040__colony003.jpg,environmental\env_080_145406.jpg,764,2293,28,29,609.0,0.774,0.95
40,cropped_colonies_environmental\plate040__colony004.jpg,environmental\env_080_145406.jpg,670,2274,19,31,297.5,0.461,0.802
40,cropped_colonies_environmental\plate040__colony005.jpg,environmental\env_080_145406.jpg,2026,2204,29,34,699.0,0.678,0.912
40,cropped_colonies_environmental\plate040__colony006.jpg,environmental\env_080_145406.jpg,1751,2034,18,18,240.0,0.843,0.962
40,cropped_colonies_environmental\plate040__colony007.jpg,environmental\env_080_145406.jpg,1992,1995,24,22,339.5,0.599,0.871
40,cropped_colonies_environmental\plate040__colony008.jpg,environmental\env_080_145406.jpg,1418,1542,21,22,329.5,0.668,0.914
40,cropped_colonies_environmental\plate040__colony009.jpg,environmental\env_080_145406.jpg,1602,1506,21,23,331.0,0.796,0.946
40,cropped_colonies_environmental\plate040__colony010.jpg,environmental\env_080_145406.jpg,1488,1255,27,44,704.5,0.438,0.82
41,cropped_colonies_environmental\plate041__colony001.jpg,environmental\env_082_145413.jpg,1865,2671,42,34,790.5,0.529,0.852
41,cropped_colonies_environmental\plate041__colony002.jpg,environmental\env_082_145413.jpg,1975,2624,29,31,673.0,0.795,0.949
41,cropped_colonies_environmental\plate041__colony003.jpg,environmental\env_082_145413.jpg,1676,2255,31,37,589.5,0.517,0.805
41,cropped_colonies_environmental\plate041__colony004.jpg,environmental\env_082_145413.jpg,1717,2057,35,31,740.0,0.706,0.917
41,cropped_colonies_environmental\plate041__colony005.jpg,environmental\env_082_145413.jpg,1598,1342,25,25,368.0,0.651,0.89
41,cropped_colonies_environmental\plate041__colony006.jpg,environmental\env_082_145413.jpg,1048,1337,33,35,816.5,0.716,0.925
41,cropped_colonies_environmental\plate041__colony007.jpg,environmental\env_082_145413.jpg,1473,1167,49,52,1937.5,0.727,0.941
42,cropped_colonies_environmental\plate042__colony001.jpg,environmental\env_084_145421.jpg,1286,2555,80,68,3691.5,0.637,0.913
42,cropped_colonies_environmental\plate042__colony002.jpg,environmental\env_084_145421.jpg,1504,2426,62,80,3161.0,0.631,0.913
42,cropped_colonies_environmental\plate042__colony003.jpg,environmental\env_084_145421.jpg,1697,2398,20,23,342.5,0.754,0.936
42,cropped_colonies_environmental\plate042__colony004.jpg,environmental\env_084_145421.jpg,1274,2372,75,54,2301.5,0.49,0.827
42,cropped_colonies_environmental\plate042__colony005.jpg,environmental\env_084_145421.jpg,1038,2197,23,23,388.5,0.802,0.95
42,cropped_colonies_environmental\plate042__colony006.jpg,environmental\env_084_145421.jpg,2092,2118,21,20,320.5,0.841,0.964
42,cropped_colonies_environmental\plate042__colony007.jpg,environmental\env_084_145421.jpg,1104,1873,22,21,340.5,0.798,0.95
42,cropped_colonies_environmental\plate042__colony008.jpg,environmental\env_084_145421.jpg,980,1845,81,78,4692.0,0.747,0.954
42,cropped_colonies_environmental\plate042__colony009.jpg,environmental\env_084_145421.jpg,1048,1684,42,58,1493.5,0.604,0.869
42,cropped_colonies_environmental\plate042__colony010.jpg,environmental\env_084_145421.jpg,1249,1626,47,66,1977.5,0.539,0.857
42,cropped_colonies_environmental\plate042__colony011.jpg,environmental\env_084_145421.jpg,1861,1540,77,83,3340.0,0.463,0.835
42,cropped_colonies_environmental\plate042__colony012.jpg,environmental\env_084_145421.jpg,1494,1538,42,43,1367.0,0.756,0.941
43,cropped_colonies_environmental\plate043__colony001.jpg,environmental\env_086_145614.jpg,1739,2599,38,43,943.0,0.545,0.82
43,cropped_colonies_environmental\plate043__colony002.jpg,environmental\env_086_145614.jpg,1370,1567,34,31,668.0,0.535,0.832
44,cropped_colonies_environmental\plate044__colony001.jpg,environmental\env_088_145623.jpg,1404,1563,25,25,452.5,0.789,0.943
44,cropped_colonies_environmental\plate044__colony002.jpg,environmental\env_088_145623.jpg,1950,1557,30,30,685.0,0.848,0.964
44,cropped_colonies_environmental\plate044__colony003.jpg,environmental\env_088_145623.jpg,1198,1556,88,87,5811.5,0.85,0.976
44,cropped_colonies_environmental\plate044__colony004.jpg,environmental\env_088_145623.jpg,995,1241,30,25,374.0,0.617,0.95
46,cropped_colonies_environmental\plate046__colony001.jpg,environmental\env_092_145638.jpg,1705,2818,31,30,634.5,0.714,0.922
46,cropped_colonies_environmental\plate046__colony002.jpg,environmental\env_092_145638.jpg,1801,2550,31,33,701.5,0.722,0.917
46,cropped_colonies_environmental\plate046__colony003.jpg,environmental\env_092_145638.jpg,2262,2434,22,34,343.0,0.488,0.878
46,cropped_colonies_environmental\plate046__colony004.jpg,environmental\env_092_145638.jpg,1825,2162,25,31,535.0,0.743,0.941
46,cropped_colonies_environmental\plate046__colony005.jpg,environmental\env_092_145638.jpg,2348,2156,30,21,484.5,0.726,0.941
46,cropped_colonies_environmental\plate046__colony006.jpg,environmental\env_092_145638.jpg,2326,1802,22,20,294.0,0.672,0.886
46,cropped_colonies_environmental\plate046__colony007.jpg,environmental\env_092_145638.jpg,2292,1640,23,21,316.5,0.661,0.876
46,cropped_colonies_environmental\plate046__colony008.jpg,environmental\env_092_145638.jpg,1644,1629,24,20,338.5,0.729,0.917
46,cropped_colonies_environmental\plate046__colony009.jpg,environmental\env_092_145638.jpg,2128,1577,21,19,309.0,0.816,0.96
47,cropped_colonies_environmental\plate047__colony001.jpg,environmental\env_094_145645.jpg,1209,2812,43,39,1238.5,0.774,0.963
47,cropped_colonies_environmental\plate047__colony002.jpg,environmental\env_094_145645.jpg,1786,2712,33,34,811.0,0.79,0.942
47,cropped_colonies_environmental\plate047__colony003.jpg,environmental\env_094_145645.jpg,2145,2632,31,29,470.5,0.633,0.945
47,cropped_colonies_environmental\plate047__colony004.jpg,environmental\env_094_145645.jpg,1382,2631,40,30,827.0,0.703,0.933
47,cropped_colonies_environmental\plate047__colony005.jpg,environmental\env_094_145645.jpg,1958,2540,33,33,789.5,0.741,0.941
47,cropped_colonies_environmental\plate047__colony006.jpg,environmental\env_094_145645.jpg,2199,2532,41,44,1338.5,0.795,0.958
47,cropped_colonies_environmental\plate047__colony007.jpg,environmental\env_094_145645.jpg,1890,2519,39,38,1109.0,0.741,0.94
47,cropped_colonies_environmental\plate047__colony008.jpg,environmental\env_094_145645.jpg,1550,2497,25,18,301.0,0.607,0.86
47,cropped_colonies_environmental\plate047__colony009.jpg,environmental\env_094_145645.jpg,2275,2438,33,32,769.0,0.74,0.936
47,cropped_colonies_environmental\plate047__colony010.jpg,environmental\env_094_145645.jpg,2174,2379,22,23,385.5,0.813,0.954
47,cropped_colonies_environmental\plate047__colony011.jpg,environmental\env_094_145645.jpg,1650,2312,36,34,872.0,0.737,0.939
47,cropped_colonies_environmental\plate047__colony012.jpg,environmental\env_094_145645.jpg,2119,2311,30,31,652.0,0.758,0.939
47,cropped_colonies_environmental\plate047__colony013.jpg,environmental\env_094_145645.jpg,2321,2254,29,30,635.5,0.721,0.926
47,cropped_colonies_environmental\plate047__colony014.jpg,environmental\env_094_145645.jpg,1923,2234,20,19,256.0,0.693,0.894
47,cropped_colonies_environmental\plate047__colony015.jpg,environmental\env_094_145645.jpg,2113,2228,36,35,928.5,0.738,0.935
47,cropped_colonies_environmental\plate047__colony016.jpg,environmental\env_094_145645.jpg,2332,2156,48,44,1555.5,0.736,0.944
47,cropped_colonies_environmental\plate047__colony017.jpg,environmental\env_094_145645.jpg,1835,2063,35,29,734.0,0.747,0.939
47,cropped_colonies_environmental\plate047__colony018.jpg,environmental\env_094_145645.jpg,1981,1976,47,67,2030.5,0.426,0.809
47,cropped_colonies_environmental\plate047__colony019.jpg,environmental\env_094_145645.jpg,2094,1960,29,27,597.0,0.829,0.965
47,cropped_colonies_environmental\plate047__colony020.jpg,environmental\env_094_145645.jpg,2190,1946,35,37,990.0,0.846,0.969
47,cropped_colonies_environmental\plate047__colony021.jpg,environmental\env_094_145645.jpg,2311,1937,46,47,1628.0,0.739,0.941
47,cropped_colonies_environmental\plate047__colony022.jpg,environmental\env_094_145645.jpg,1845,1876,18,18,233.0,0.852,0.963
47,cropped_colonies_environmental\plate047__colony023.jpg,environmental\env_094_145645.jpg,1709,1869,65,67,2418.0,0.449,0.793
47,cropped_colonies_environmental\plate047__colony024.jpg,environmental\env_094_145645.jpg,1638,1869,36,34,922.5,0.869,0.975
47,cropped_colonies_environmental\plate047__colony025.jpg,environmental\env_094_145645.jpg,2285,1841,79,55,3137.5,0.698,0.946
47,cropped_colonies_environmental\plate047__colony026.jpg,environmental\env_094_145645.jpg,1799,1786,30,38,717.5,0.476,0.803
47,cropped_colonies_environmental\plate047__colony027.jpg,environmental\env_094_145645.jpg,1003,1778,65,46,1389.5,0.432,0.811
47,cropped_colonies_environmental\plate047__colony028.jpg,environmental\env_094_145645.jpg,1853,1723,33,34,806.5,0.746,0.929
47,cropped_colonies_environmental\plate047__colony029.jpg,environmental\env_094_145645.jpg,1150,1710,32,33,828.0,0.781,0.951
47,cropped_colonies_environmental\plate047__colony030.jpg,environmental\env_094_145645.jpg,1883,1572,25,26,480.0,0.81,0.952
47,cropped_colonies_environmental\plate047__colony031.jpg,environmental\env_094_145645.jpg,2044,1566,19,20,279.0,0.782,0.936
47,cropped_colonies_environmental\plate047__colony032.jpg,environmental\env_094_145645.jpg,1361,1542,31,26,561.0,0.696,0.922
47,cropped_colonies_environmental\plate047__colony033.jpg,environmental\env_094_145645.jpg,1938,1465,43,41,1282.0,0.739,0.941
47,cropped_colonies_environmental\plate047__colony034.jpg,environmental\env_094_145645.jpg,1857,1410,41,39,1019.0,0.598,0.871
47,cropped_colonies_environmental\plate047__colony035.jpg,environmental\env_094_145645.jpg,1214,1348,42,47,1258.5,0.521,0.844
47,cropped_colonies_environmental\plate047__colony036.jpg,environmental\env_094_145645.jpg,1768,1288,39,40,786.5,0.511,0.812
47,cropped_colonies_environmental\plate047__colony037.jpg,environmental\env_094_145645.jpg,1592,1265,31,34,756.5,0.669,0.897
47,cropped_colonies_environmental\plate047__colony038.jpg,environmental\env_094_145645.jpg,1386,1171,31,20,436.5,0.638,0.906
47,cropped_colonies_environmental\plate047__colony039.jpg,environmental\env_094_145645.jpg,1546,1083,56,56,1895.0,0.459,0.808
48,cropped_colonies_environmental\plate048__colony001.jpg,environmental\env_096_145654.jpg,1880,2634,18,21,209.0,0.566,0.81
48,cropped_colonies_environmental\plate048__colony002.jpg,environmental\env_096_145654.jpg,1445,2618,29,25,529.5,0.879,0.975
48,cropped_colonies_environmental\plate048__colony003.jpg,environmental\env_096_145654.jpg,1335,2509,32,31,754.5,0.86,0.969
48,cropped_colonies_environmental\plate048__colony004.jpg,environmental\env_096_145654.jpg,1185,2476,40,43,1297.0,0.863,0.972
48,cropped_colonies_environmental\plate048__colony005.jpg,environmental\env_096_145654.jpg,2142,2373,56,54,2353.5,0.822,0.972
48,cropped_colonies_environmental\plate048__colony006.jpg,environmental\env_096_145654.jpg,1821,2332,46,45,1525.5,0.796,0.961
48,cropped_colonies_environmental\plate048__colony007.jpg,environmental\env_096_145654.jpg,1340,2289,38,39,848.0,0.59,0.863
48,cropped_colonies_environmental\plate048__colony008.jpg,environmental\env_096_145654.jpg,909,2284,38,36,1051.0,0.858,0.973
48,cropped_colonies_environmental\plate048__colony009.jpg,environmental\env_096_145654.jpg,1682,2265,23,25,393.5,0.826,0.957
48,cropped_colonies_environmental\plate048__colony010.jpg,environmental\env_096_145654.jpg,986,2201,32,28,687.5,0.803,0.961
48,cropped_colonies_environmental\plate048__colony011.jpg,environmental\env_096_145654.jpg,1682,2179,22,26,390.0,0.698,0.913
48,cropped_colonies_environmental\plate048__colony012.jpg,environmental\env_096_145654.jpg,972,2145,19,19,264.0,0.815,0.955
48,cropped_colonies_environmental\plate048__colony013.jpg,environmental\env_096_145654.jpg,1740,2057,34,31,663.0,0.599,0.86
48,cropped_colonies_environmental\plate048__colony014.jpg,environmental\env_096_145654.jpg,1856,2053,23,25,405.0,0.705,0.908
48,cropped_colonies_environmental\plate048__colony015.jpg,environmental\env_096_145654.jpg,1448,2023,46,59,1718.5,0.419,0.83
48,cropped_colonies_environmental\plate048__colony016.jpg,environmental\env_096_145654.jpg,2019,2022,32,32,777.5,0.853,0.969
48,cropped_colonies_environmental\plate048__colony017.jpg,environmental\env_096_145654.jpg,1625,2014,42,51,1487.5,0.717,0.94
48,cropped_colonies_environmental\plate048__colony018.jpg,environmental\env_096_145654.jpg,643,1948,37,36,1007.5,0.766,0.944
49,cropped_colonies_environmental\plate049__colony001.jpg,environmental\env_098_145839.jpg,1107,2455,32,33,613.0,0.482,0.798
49,cropped_colonies_environmental\plate049__colony002.jpg,environmental\env_098_145839.jpg,886,2113,36,30,739.5,0.723,0.929
49,cropped_colonies_environmental\plate049__colony003.jpg,environmental\env_098_145839.jpg,1157,2092,34,33,850.0,0.845,0.969
49,cropped_colonies_environmental\plate049__colony004.jpg,environmental\env_098_145839.jpg,1065,2085,23,22,389.5,0.873,0.973
49,cropped_colonies_environmental\plate049__colony005.jpg,environmental\env_098_145839.jpg,913,1987,21,22,327.5,0.721,0.915
49,cropped_colonies_environmental\plate049__colony006.jpg,environmental\env_098_145839.jpg,1368,1836,22,21,342.0,0.815,0.946
49,cropped_colonies_environmental\plate049__colony007.jpg,environmental\env_098_145839.jpg,1421,1783,37,37,1018.0,0.847,0.964
49,cropped_colonies_environmental\plate049__colony008.jpg,environmental\env_098_145839.jpg,1361,1747,18,19,259.5,0.87,0.974
49,cropped_colonies_environmental\plate049__colony009.jpg,environmental\env_098_145839.jpg,1813,1314,48,53,1204.0,0.458,0.785
49,cropped_colonies_environmental\plate049__colony010.jpg,environmental\env_098_145839.jpg,1435,1282,40,30,806.5,0.706,0.933
50,cropped_colonies_environmental\plate050__colony001.jpg,environmental\env_100_145846.jpg,1010,2584,29,27,599.0,0.875,0.982
50,cropped_colonies_environmental\plate050__colony002.jpg,environmental\env_100_145846.jpg,1078,2577,42,54,1238.0,0.532,0.842
50,cropped_colonies_environmental\plate050__colony003.jpg,environmental\env_100_145846.jpg,1987,2431,74,65,2875.0,0.641,0.929
50,cropped_colonies_environmental\plate050__colony004.jpg,environmental\env_100_145846.jpg,1751,2388,53,47,1689.0,0.663,0.917
50,cropped_colonies_environmental\plate050__colony005.jpg,environmental\env_100_145846.jpg,1505,2257,24,25,453.5,0.879,0.977
50,cropped_colonies_environmental\plate050__colony006.jpg,environmental\env_100_145846.jpg,2103,2088,26,23,431.5,0.747,0.939
50,cropped_colonies_environmental\plate050__colony007.jpg,environmental\env_100_145846.jpg,600,1934,121,116,10574.5,0.764,0.972
50,cropped_colonies_environmental\plate050__colony008.jpg,environmental\env_100_145846.jpg,2064,1847,19,20,289.0,0.839,0.962
50,cropped_colonies_environmental\plate050__colony009.jpg,environmental\env_100_145846.jpg,2214,1693,64,75,3271.0,0.759,0.949
50,cropped_colonies_environmental\plate050__colony010.jpg,environmental\env_100_145846.jpg,735,1685,69,66,3603.0,0.833,0.973
50,cropped_colonies_environmental\plate050__colony011.jpg,environmental\env_100_145846.jpg,2231,1605,47,59,2096.5,0.799,0.954
50,cropped_colonies_environmental\plate050__colony012.jpg,environmental\env_100_145846.jpg,993,1530,49,52,1899.5,0.833,0.966
50,cropped_colonies_environmental\plate050__colony013.jpg,environmental\env_100_145846.jpg,1385,1378,24,24,438.0,0.83,0.961
50,cropped_colonies_environmental\plate050__colony014.jpg,environmental\env_100_145846.jpg,1455,1342,23,23,404.5,0.86,0.965
50,cropped_colonies_environmental\plate050__colony015.jpg,environmental\env_100_145846.jpg,1660,1213,53,62,2431.5,0.804,0.963
50,cropped_colonies_environmental\plate050__colony016.jpg,environmental\env_100_145846.jpg,1766,1201,25,26,489.5,0.861,0.971
52,cropped_colonies_environmental\plate052__colony001.jpg,environmental\env_104_145902.jpg,1198,2510,49,41,1460.5,0.774,0.948
52,cropped_colonies_environmental\plate052__colony002.jpg,environmental\env_104_145902.jpg,2048,2412,42,37,968.5,0.734,0.942
52,cropped_colonies_environmental\plate052__colony003.jpg,environmental\env_104_145902.jpg,1389,2407,20,21,315.5,0.887,0.977
52,cropped_colonies_environmental\plate052__colony004.jpg,environmental\env_104_145902.jpg,982,2391,48,46,1686.5,0.804,0.967
52,cropped_colonies_environmental\plate052__colony005.jpg,environmental\env_104_145902.jpg,984,2172,63,64,3016.0,0.795,0.967
52,cropped_colonies_environmental\plate052__colony006.jpg,environmental\env_104_145902.jpg,1369,2140,41,40,1256.5,0.88,0.979
52,cropped_colonies_environmental\plate052__colony007.jpg,environmental\env_104_145902.jpg,1042,2081,39,37,1094.5,0.816,0.963
52,cropped_colonies_environmental\plate052__colony008.jpg,environmental\env_104_145902.jpg,1519,2067,46,47,1702.5,0.883,0.982
52,cropped_colonies_environmental\plate052__colony009.jpg,environmental\env_104_145902.jpg,2123,2032,91,72,4343.0,0.544,0.887
52,cropped_colonies_environmental\plate052__colony010.jpg,environmental\env_104_145902.jpg,1850,1898,52,47,1566.5,0.491,0.817
52,cropped_colonies_environmental\plate052__colony011.jpg,environmental\env_104_145902.jpg,1751,1858,26,24,432.5,0.755,0.93
52,cropped_colonies_environmental\plate052__colony012.jpg,environmental\env_104_145902.jpg,1922,1784,33,24,535.5,0.622,0.88
52,cropped_colonies_environmental\plate052__colony013.jpg,environmental\env_104_145902.jpg,2071,1747,23,25,423.0,0.757,0.937
52,cropped_colonies_environmental\plate052__colony014.jpg,environmental\env_104_145902.jpg,1240,1656,28,30,601.0,0.751,0.942
52,cropped_colonies_environmental\plate052__colony015.jpg,environmental\env_104_145902.jpg,1577,1428,23,23,403.5,0.833,0.958
52,cropped_colonies_environmental\plate052__colony016.jpg,environmental\env_104_145902.jpg,1274,1417,28,23,365.0,0.569,0.838
53,cropped_colonies_environmental\plate053__colony001.jpg,environmental\env_106_145910.jpg,1887,2654,27,22,356.5,0.711,0.96
53,cropped_colonies_environmental\plate053__colony002.jpg,environmental\env_106_145910.jpg,1153,2600,21,18,268.5,0.823,0.954
54,cropped_colonies_environmental\plate054__colony001.jpg,environmental\env_108_145917.jpg,1006,2572,25,19,268.5,0.561,0.847
54,cropped_colonies_environmental\plate054__colony002.jpg,environmental\env_108_145917.jpg,1198,2475,40,38,1166.0,0.886,0.977
54,cropped_colonies_environmental\plate054__colony003.jpg,environmental\env_108_145917.jpg,1628,2361,18,18,242.5,0.905,0.982
54,cropped_colonies_environmental\plate054__colony004.jpg,environmental\env_108_145917.jpg,1823,2286,26,27,536.0,0.895,0.982
54,cropped_colonies_environmental\plate054__colony005.jpg,environmental\env_108_145917.jpg,1817,2178,19,19,286.0,0.883,0.981
54,cropped_colonies_environmental\plate054__colony006.jpg,environmental\env_108_145917.jpg,1883,2175,30,30,684.5,0.899,0.981
54,cropped_colonies_environmental\plate054__colony007.jpg,environmental\env_108_145917.jpg,1409,2108,22,21,345.5,0.864,0.966
54,cropped_colonies_environmental\plate054__colony008.jpg,environmental\env_108_145917.jpg,1842,1917,19,19,270.0,0.898,0.98
54,cropped_colonies_environmental\plate054__colony009.jpg,environmental\env_108_145917.jpg,877,1897,25,24,464.0,0.886,0.978
54,cropped_colonies_environmental\plate054__colony010.jpg,environmental\env_108_145917.jpg,1001,1840,69,69,3615.5,0.883,0.984
54,cropped_colonies_environmental\plate054__colony011.jpg,environmental\env_108_145917.jpg,1572,1786,38,38,894.0,0.622,0.886
54,cropped_colonies_environmental\plate054__colony012.jpg,environmental\env_108_145917.jpg,861,1766,25,25,475.5,0.877,0.973
54,cropped_colonies_environmental\plate054__colony013.jpg,environmental\env_108_145917.jpg,1154,1612,76,88,4992.0,0.803,0.973
54,cropped_colonies_environmental\plate054__colony014.jpg,environmental\env_108_145917.jpg,1077,1555,27,26,525.5,0.889,0.978
54,cropped_colonies_environmental\plate054__colony015.jpg,environmental\env_108_145917.jpg,1226,1490,19,18,254.5,0.792,0.939
54,cropped_colonies_environmental\plate054__colony016.jpg,environmental\env_108_145917.jpg,1765,1478,21,21,320.0,0.834,0.957
54,cropped_colonies_environmental\plate054__colony017.jpg,environmental\env_108_145917.jpg,1108,1475,21,22,310.0,0.763,0.947
54,cropped_colonies_environmental\plate054__colony018.jpg,environmental\env_108_145917.jpg,1223,1397,24,24,439.0,0.831,0.96
54,cropped_colonies_environmental\plate054__colony019.jpg,environmental\env_108_145917.jpg,1400,1390,64,77,3457.5,0.735,0.941
54,cropped_colonies_environmental\plate054__colony020.jpg,environmental\env_108_145917.jpg,1133,1332,40,42,1290.5,0.793,0.959
55,cropped_colonies_environmental\plate055__colony001.jpg,environmental\env_110_150109.jpg,1634,2673,39,42,1119.0,0.804,0.956
55,cropped_colonies_environmental\plate055__colony002.jpg,environmental\env_110_150109.jpg,1759,2604,55,36,1183.0,0.577,0.861
55,cropped_colonies_environmental\plate055__colony003.jpg,environmental\env_110_150109.jpg,2117,2345,21,21,334.5,0.886,0.977
55,cropped_colonies_environmental\plate055__colony004.jpg,environmental\env_110_150109.jpg,1465,2170,28,29,608.0,0.851,0.968
55,cropped_colonies_environmental\plate055__colony005.jpg,environmental\env_110_150109.jpg,2252,2114,43,35,948.5,0.702,0.92
55,cropped_colonies_environmental\plate055__colony006.jpg,environmental\env_110_150109.jpg,2229,1996,69,72,3294.5,0.622,0.881
55,cropped_colonies_environmental\plate055__colony007.jpg,environmental\env_110_150109.jpg,2213,1876,31,30,715.0,0.891,0.98
55,cropped_colonies_environmental\plate055__colony008.jpg,environmental\env_110_150109.jpg,936,1637,35,48,1229.5,0.747,0.937
55,cropped_colonies_environmental\plate055__colony009.jpg,environmental\env_110_150109.jpg,2243,1620,43,41,1301.5,0.807,0.971
55,cropped_colonies_environmental\plate055__colony010.jpg,environmental\env_110_150109.jpg,1333,1467,19,19,238.0,0.763,0.926
55,cropped_colonies_environmental\plate055__colony011.jpg,environmental\env_110_150109.jpg,1663,1426,25,22,392.5,0.817,0.953
55,cropped_colonies_environmental\plate055__colony012.jpg,environmental\env_110_150109.jpg,1854,1397,27,28,560.0,0.877,0.976
55,cropped_colonies_environmental\plate055__colony013.jpg,environmental\env_110_150109.jpg,1089,1338,22,22,361.5,0.829,0.963
55,cropped_colonies_environmental\plate055__colony014.jpg,environmental\env_110_150109.jpg,1155,1330,18,19,265.5,0.89,0.982
55,cropped_colonies_environmental\plate055__colony015.jpg,environmental\env_110_150109.jpg,1663,1242,76,83,4070.5,0.549,0.864
55,cropped_colonies_environmental\plate055__colony016.jpg,environmental\env_110_150109.jpg,1934,1240,39,39,1143.5,0.816,0.963
55,cropped_colonies_environmental\plate055__colony017.jpg,environmental\env_110_150109.jpg,1055,1237,48,55,1933.0,0.689,0.922
55,cropped_colonies_environmental\plate055__colony018.jpg,environmental\env_110_150109.jpg,1883,1235,20,22,318.5,0.844,0.959
55,cropped_colonies_environmental\plate055__colony019.jpg,environmental\env_110_150109.jpg,1226,1232,25,25,474.5,0.828,0.961
55,cropped_colonies_environmental\plate055__colony020.jpg,environmental\env_110_150109.jpg,1807,1195,22,22,346.5,0.82,0.956
56,cropped_colonies_environmental\plate056__colony001.jpg,environmental\env_112_150115.jpg,1691,2605,19,18,246.0,0.841,0.959
56,cropped_colonies_environmental\plate056__colony002.jpg,environmental\env_112_150115.jpg,1549,2521,31,36,813.0,0.776,0.948
56,cropped_colonies_environmental\plate056__colony003.jpg,environmental\env_112_150115.jpg,1257,2504,18,18,245.0,0.896,0.982
56,cropped_colonies_environmental\plate056__colony004.jpg,environmental\env_112_150115.jpg,1461,2501,19,18,245.5,0.856,0.967
56,cropped_colonies_environmental\plate056__colony005.jpg,environmental\env_112_150115.jpg,1683,2409,25,24,452.5,0.783,0.943
56,cropped_colonies_environmental\plate056__colony006.jpg,environmental\env_112_150115.jpg,1593,2393,24,35,599.0,0.754,0.943
56,cropped_colonies_environmental\plate056__colony007.jpg,environmental\env_112_150115.jpg,2001,2388,25,25,464.5,0.857,0.966
56,cropped_colonies_environmental\plate056__colony008.jpg,environmental\env_112_150115.jpg,1672,2272,32,32,655.0,0.647,0.893
56,cropped_colonies_environmental\plate056__colony009.jpg,environmental\env_112_150115.jpg,950,2265,46,32,871.0,0.62,0.874
56,cropped_colonies_environmental\plate056__colony010.jpg,environmental\env_112_150115.jpg,849,2221,43,37,1192.5,0.789,0.956
56,cropped_colonies_environmental\plate056__colony011.jpg,environmental\env_112_150115.jpg,2184,2206,20,25,242.0,0.534,0.854
56,cropped_colonies_environmental\plate056__colony012.jpg,environmental\env_112_150115.jpg,1092,2197,30,31,707.0,0.822,0.961
56,cropped_colonies_environmental\plate056__colony013.jpg,environmental\env_112_150115.jpg,1733,2156,23,19,289.5,0.694,0.912
56,cropped_colonies_environmental\plate056__colony014.jpg,environmental\env_112_150115.jpg,1415,2140,47,45,1467.5,0.694,0.926
56,cropped_colonies_environmental\plate056__colony015.jpg,environmental\env_112_150115.jpg,1997,2116,53,48,1733.5,0.739,0.939
56,cropped_colonies_environmental\plate056__colony016.jpg,environmental\env_112_150115.jpg,1785,2043,35,36,706.5,0.515,0.841
56,cropped_colonies_environmental\plate056__colony017.jpg,environmental\env_112_150115.jpg,1545,2015,43,45,1467.0,0.809,0.958
56,cropped_colonies_environmental\plate056__colony018.jpg,environmental\env_112_150115.jpg,920,1873,22,26,256.0,0.485,0.796
56,cropped_colonies_environmental\plate056__colony019.jpg,environmental\env_112_150115.jpg,773,1665,31,30,549.0,0.551,0.812
56,cropped_colonies_environmental\plate056__colony020.jpg,environmental\env_112_150115.jpg,1394,1641,41,43,1266.0,0.754,0.936
56,cropped_colonies_environmental\plate056__colony021.jpg,environmental\env_112_150115.jpg,932,1440,27,25,406.0,0.621,0.865
56,cropped_colonies_environmental\plate056__colony022.jpg,environmental\env_112_150115.jpg,1992,1436,59,70,2404.5,0.484,0.84
56,cropped_colonies_environmental\plate056__colony023.jpg,environmental\env_112_150115.jpg,986,1383,38,40,1165.0,0.796,0.959
56,cropped_colonies_environmental\plate056__colony024.jpg,environmental\env_112_150115.jpg,1412,1354,38,34,941.5,0.845,0.967
57,cropped_colonies_environmental\plate057__colony001.jpg,environmental\env_114_150124.jpg,1373,2679,39,40,1097.0,0.728,0.923
57,cropped_colonies_environmental\plate057__colony002.jpg,environmental\env_114_150124.jpg,1737,2483,19,18,266.5,0.829,0.973
57,cropped_colonies_environmental\plate057__colony003.jpg,environmental\env_114_150124.jpg,2033,2075,34,40,704.5,0.52,0.832
57,cropped_colonies_environmental\plate057__colony004.jpg,environmental\env_114_150124.jpg,565,2073,52,54,1958.0,0.698,0.92
57,cropped_colonies_environmental\plate057__colony005.jpg,environmental\env_114_150124.jpg,1376,1641,42,32,831.5,0.588,0.846
57,cropped_colonies_environmental\plate057__colony006.jpg,environmental\env_114_150124.jpg,1807,1489,26,22,390.0,0.684,0.909
57,cropped_colonies_environmental\plate057__colony007.jpg,environmental\env_114_150124.jpg,964,1207,31,28,460.5,0.535,0.799
58,cropped_colonies_environmental\plate058__colony001.jpg,environmental\env_116_150132.jpg,1171,2636,46,44,1534.5,0.822,0.961
58,cropped_colonies_environmental\plate058__colony002.jpg,environmental\env_116_150132.jpg,1897,2624,60,54,2034.5,0.593,0.884
58,cropped_colonies_environmental\plate058__colony003.jpg,environmental\env_116_150132.jpg,2008,2590,23,23,305.0,0.748,0.989
58,cropped_colonies_environmental\plate058__colony004.jpg,environmental\env_116_150132.jpg,1732,1750,27,24,466.5,0.777,0.943
58,cropped_colonies_environmental\plate058__colony005.jpg,environmental\env_116_150132.jpg,1743,1634,20,22,337.5,0.743,0.943
59,cropped_colonies_environmental\plate059__colony001.jpg,environmental\env_118_150139.jpg,1467,2340,19,19,273.5,0.893,0.977
59,cropped_colonies_environmental\plate059__colony002.jpg,environmental\env_118_150139.jpg,2116,2031,41,56,1520.5,0.684,0.941
59,cropped_colonies_environmental\plate059__colony003.jpg,environmental\env_118_150139.jpg,1432,2000,18,19,258.0,0.882,0.975
59,cropped_colonies_environmental\plate059__colony004.jpg,environmental\env_118_150139.jpg,2110,1932,32,31,779.5,0.869,0.976
59,cropped_colonies_environmental\plate059__colony005.jpg,environmental\env_118_150139.jpg,1925,1775,27,36,642.5,0.716,0.924
59,cropped_colonies_environmental\plate059__colony006.jpg,environmental\env_118_150139.jpg,1845,1365,84,88,4971.5,0.806,0.977
60,cropped_colonies_environmental\plate060__colony001.jpg,environmental\env_120_150147.jpg,1617,2347,27,34,567.5,0.638,0.888
60,cropped_colonies_environmental\plate060__colony002.jpg,environmental\env_120_150147.jpg,1277,2203,35,39,668.5,0.489,0.795
60,cropped_colonies_environmental\plate060__colony003.jpg,environmental\env_120_150147.jpg,1617,2067,20,19,261.5,0.72,0.906
60,cropped_colonies_environmental\plate060__colony004.jpg,environmental\env_120_150147.jpg,1243,1938,20,21,275.5,0.748,0.908
60,cropped_colonies_environmental\plate060__colony005.jpg,environmental\env_120_150147.jpg,1503,1736,30,20,368.5,0.68,0.904
60,cropped_colonies_environmental\plate060__colony006.jpg,environmental\env_120_150147.jpg,1515,1620,21,34,438.5,0.587,0.881
60,cropped_colonies_environmental\plate060__colony007.jpg,environmental\env_120_150147.jpg,1639,1612,40,38,1092.5,0.766,0.943
60,cropped_colonies_environmental\plate060__colony008.jpg,environmental\env_120_150147.jpg,1579,1568,23,22,361.0,0.727,0.913
