plate_id,crop_path,schizo_likeness_distance,mean_hue,mean_sat,mean_val,std_hue,std_sat,std_val,texture_std
7,cropped_colonies_environmental\plate007__colony020.jpg,0.973,29.7,20.1,181.2,8.4,13.8,19.0,15.8
57,cropped_colonies_environmental\plate057__colony004.jpg,1.038,19.4,21.3,173.9,18.1,12.5,16.8,15.6
42,cropped_colonies_environmental\plate042__colony011.jpg,1.052,38.7,21.9,170.5,14.5,13.9,13.2,11.9
42,cropped_colonies_environmental\plate042__colony012.jpg,1.067,31.9,26.4,171.3,7.5,14.2,14.0,10.7
42,cropped_colonies_environmental\plate042__colony010.jpg,1.091,33.8,26.7,177.3,8.3,14.1,10.2,7.1
52,cropped_colonies_environmental\plate052__colony014.jpg,1.193,31.2,23.9,173.2,3.9,7.1,13.4,12.4
52,cropped_colonies_environmental\plate052__colony004.jpg,1.214,37.3,18.1,173.1,8.4,8.2,17.9,16.4
48,cropped_colonies_environmental\plate048__colony018.jpg,1.23,36.2,14.7,163.7,21.3,13.6,16.0,11.6
56,cropped_colonies_environmental\plate056__colony019.jpg,1.248,32.1,17.1,165.4,9.2,13.9,13.2,11.3
47,cropped_colonies_environmental\plate047__colony033.jpg,1.263,30.1,20.5,163.4,8.4,13.5,15.1,11.4
47,cropped_colonies_environmental\plate047__colony035.jpg,1.263,38.5,18.8,165.9,19.5,7.6,16.9,16.9
7,cropped_colonies_environmental\plate007__colony022.jpg,1.273,36.2,19.4,174.9,7.8,12.1,21.5,19.3
47,cropped_colonies_environmental\plate047__colony023.jpg,1.284,24.3,23.4,166.7,3.4,11.0,15.8,13.9
16,cropped_colonies_environmental\plate016__colony006.jpg,1.294,37.3,12.9,168.6,6.9,10.2,15.3,13.7
13,cropped_colonies_environmental\plate013__colony002.jpg,1.298,24.0,26.2,190.6,1.7,3.6,18.1,17.7
60,cropped_colonies_environmental\plate060__colony003.jpg,1.308,22.5,24.9,188.9,2.3,2.5,13.4,13.0
47,cropped_colonies_environmental\plate047__colony034.jpg,1.311,28.9,20.9,162.4,9.3,13.3,11.8,9.6
17,cropped_colonies_environmental\plate017__colony010.jpg,1.315,27.3,18.0,165.6,4.3,10.6,14.3,12.5
52,cropped_colonies_environmental\plate052__colony009.jpg,1.323,28.6,10.0,173.2,15.5,7.7,20.1,18.6
13,cropped_colonies_environmental\plate013__colony001.jpg,1.329,23.5,26.7,184.4,2.3,4.7,19.5,18.5
56,cropped_colonies_environmental\plate056__colony017.jpg,1.329,28.0,19.5,165.1,9.8,9.5,19.5,17.0
10,cropped_colonies_environmental\plate010__colony010.jpg,1.335,39.5,15.1,164.7,13.8,15.0,18.7,15.1
17,cropped_colonies_environmental\plate017__colony008.jpg,1.338,32.4,16.8,166.6,5.2,17.0,15.6,13.0
55,cropped_colonies_environmental\plate055__colony009.jpg,1.347,24.2,21.8,166.8,4.2,9.1,18.0,15.8
7,cropped_colonies_environmental\plate007__colony009.jpg,1.351,36.2,10.4,166.8,8.2,9.3,14.3,12.8
47,cropped_colonies_environmental\plate047__colony027.jpg,1.367,31.3,21.2,166.0,5.5,6.1,16.0,14.8
47,cropped_colonies_environmental\plate047__colony016.jpg,1.368,25.6,12.6,163.5,8.7,10.5,14.2,11.7
17,cropped_colonies_environmental\plate017__colony003.jpg,1.375,32.4,13.9,180.2,5.5,4.5,9.6,8.8
42,cropped_colonies_environmental\plate042__colony008.jpg,1.379,43.8,23.9,172.4,17.1,19.7,21.4,17.1
56,cropped_colonies_environmental\plate056__colony022.jpg,1.38,43.9,11.4,163.0,23.0,14.0,14.9,13.2
19,cropped_colonies_environmental\plate019__colony022.jpg,1.393,44.0,9.3,174.9,17.8,6.1,18.0,17.4
17,cropped_colonies_environmental\plate017__colony002.jpg,1.405,32.0,14.2,179.7,5.3,4.4,9.2,8.4
36,cropped_colonies_environmental\plate036__colony004.jpg,1.405,32.0,19.2,161.9,10.9,17.9,19.2,14.2
47,cropped_colonies_environmental\plate047__colony030.jpg,1.408,29.3,21.1,160.8,4.5,10.0,12.1,11.4
56,cropped_colonies_environmental\plate056__colony024.jpg,1.409,40.7,13.0,162.1,9.8,12.6,15.2,14.2
46,cropped_colonies_environmental\plate046__colony007.jpg,1.42,25.4,15.6,164.1,5.7,7.6,15.2,12.9
47,cropped_colonies_environmental\plate047__colony029.jpg,1.42,34.7,18.1,163.7,6.7,6.4,16.0,14.7
17,cropped_colonies_environmental\plate017__colony007.jpg,1.421,45.1,16.6,173.6,15.2,19.1,20.9,17.1
7,cropped_colonies_environmental\plate007__colony018.jpg,1.424,35.0,15.0,166.6,5.3,6.3,15.9,15.0
30,cropped_colonies_environmental\plate030__colony006.jpg,1.434,44.1,10.1,171.8,28.8,10.2,21.3,19.1
7,cropped_colonies_environmental\plate007__colony021.jpg,1.437,39.8,13.7,170.6,5.3,5.3,14.4,14.0
47,cropped_colonies_environmental\plate047__colony032.jpg,1.44,29.3,22.3,164.7,3.6,5.6,12.6,11.9
56,cropped_colonies_environmental\plate056__colony008.jpg,1.443,33.5,15.4,160.2,5.8,15.1,15.7,13.2
52,cropped_colonies_environmental\plate052__colony007.jpg,1.451,42.9,14.3,168.3,12.4,8.6,20.5,18.3
57,cropped_colonies_environmental\plate057__colony007.jpg,1.455,43.8,9.5,170.8,19.9,4.3,12.8,12.7
56,cropped_colonies_environmental\plate056__colony014.jpg,1.456,36.0,15.0,171.2,6.6,4.0,11.1,10.4
60,cropped_colonies_environmental\plate060__colony004.jpg,1.46,29.3,22.3,172.5,4.5,4.1,19.4,18.9
52,cropped_colonies_environmental\plate052__colony010.jpg,1.463,27.9,15.3,172.0,3.2,4.7,17.7,16.9
56,cropped_colonies_environmental\plate056__colony020.jpg,1.484,32.3,16.2,164.5,6.6,6.4,18.8,17.4
41,cropped_colonies_environmental\plate041__colony005.jpg,1.486,37.1,16.7,170.5,4.5,4.2,10.6,10.5
57,cropped_colonies_environmental\plate057__colony003.jpg,1.488,28.2,22.4,156.5,4.3,13.2,17.2,15.1
31,cropped_colonies_environmental\plate031__colony004.jpg,1.489,27.4,19.3,170.2,4.5,3.8,18.2,17.4
36,cropped_colonies_environmental\plate036__colony009.jpg,1.489,36.9,14.7,159.4,7.5,8.5,16.1,14.4
52,cropped_colonies_environmental\plate052__colony015.jpg,1.5,37.1,10.2,167.0,6.9,6.0,12.0,10.2
13,cropped_colonies_environmental\plate013__colony006.jpg,1.502,35.2,5.9,181.8,19.7,4.1,21.3,21.0
59,cropped_colonies_environmental\plate059__colony002.jpg,1.503,34.5,8.4,169.9,21.8,5.9,21.4,19.8
19,cropped_colonies_environmental\plate019__colony014.jpg,1.504,42.4,7.4,170.7,12.9,4.4,15.3,14.7
57,cropped_colonies_environmental\plate057__colony005.jpg,1.505,33.8,21.9,159.0,6.8,16.0,19.7,17.6
42,cropped_colonies_environmental\plate042__colony002.jpg,1.507,43.2,17.7,163.0,15.5,17.7,20.9,16.5
60,cropped_colonies_environmental\plate060__colony006.jpg,1.507,28.8,22.7,175.5,3.5,4.2,20.9,20.4
46,cropped_colonies_environmental\plate046__colony008.jpg,1.508,29.6,21.7,162.6,3.3,5.0,13.6,12.7
52,cropped_colonies_environmental\plate052__colony016.jpg,1.508,32.9,14.3,169.6,3.5,4.3,11.3,10.5
41,cropped_colonies_environmental\plate041__colony004.jpg,1.512,32.3,15.1,163.3,4.4,5.4,14.0,12.9
46,cropped_colonies_environmental\plate046__colony003.jpg,1.512,25.3,15.3,158.8,9.8,8.5,18.3,16.9
31,cropped_colonies_environmental\plate031__colony003.jpg,1.516,26.6,19.9,170.0,4.2,3.3,18.1,17.2
24,cropped_colonies_environmental\plate024__colony009.jpg,1.52,31.0,20.8,158.1,5.0,9.5,18.6,17.2
36,cropped_colonies_environmental\plate036__colony013.jpg,1.524,47.2,12.4,169.9,10.6,5.0,14.7,14.2
52,cropped_colonies_environmental\plate052__colony012.jpg,1.526,31.7,12.3,167.4,4.4,4.3,12.5,12.0
34,cropped_colonies_environmental\plate034__colony001.jpg,1.527,33.1,15.5,157.2,21.0,6.0,17.6,17.6
47,cropped_colonies_environmental\plate047__colony002.jpg,1.532,38.1,10.6,159.4,9.4,8.0,13.5,12.3
47,cropped_colonies_environmental\plate047__colony039.jpg,1.532,48.6,18.7,172.9,34.9,22.0,15.6,15.4
59,cropped_colonies_environmental\plate059__colony006.jpg,1.533,29.3,16.7,170.1,15.8,9.7,24.9,22.4
42,cropped_colonies_environmental\plate042__colony009.jpg,1.539,50.6,13.4,175.2,11.7,4.1,14.6,14.3
48,cropped_colonies_environmental\plate048__colony006.jpg,1.539,23.1,19.9,158.3,7.7,15.2,20.4,16.1
55,cropped_colonies_environmental\plate055__colony011.jpg,1.539,36.0,14.9,156.8,7.6,9.6,12.6,10.1
17,cropped_colonies_environmental\plate017__colony005.jpg,1.545,30.0,13.7,186.4,3.2,3.4,6.9,6.3
47,cropped_colonies_environmental\plate047__colony028.jpg,1.546,26.4,21.5,167.0,2.7,3.7,11.0,10.1
48,cropped_colonies_environmental\plate048__colony017.jpg,1.549,32.2,11.5,160.0,13.6,6.5,18.9,17.5
16,cropped_colonies_environmental\plate016__colony009.jpg,1.555,46.0,9.6,170.2,12.7,3.9,14.1,14.0
60,cropped_colonies_environmental\plate060__colony008.jpg,1.555,30.1,18.2,176.7,3.0,2.8,19.9,19.6
47,cropped_colonies_environmental\plate047__colony021.jpg,1.556,23.6,16.9,154.1,13.6,16.5,18.1,13.0
47,cropped_colonies_environmental\plate047__colony025.jpg,1.556,27.5,14.9,156.5,8.2,12.0,19.8,16.5
47,cropped_colonies_environmental\plate047__colony004.jpg,1.557,43.8,13.7,155.4,16.7,10.9,16.4,15.4
7,cropped_colonies_environmental\plate007__colony019.jpg,1.558,33.3,14.5,164.4,2.6,4.7,13.9,13.3
29,cropped_colonies_environmental\plate029__colony003.jpg,1.562,30.0,15.2,163.3,5.1,4.0,13.1,12.5
36,cropped_colonies_environmental\plate036__colony010.jpg,1.568,42.0,13.5,160.5,9.8,6.4,16.3,15.3
13,cropped_colonies_environmental\plate013__colony005.jpg,1.569,35.2,17.0,168.8,3.2,2.4,12.5,12.5
36,cropped_colonies_environmental\plate036__colony002.jpg,1.57,40.1,11.8,160.2,12.5,5.3,13.5,12.9
41,cropped_colonies_environmental\plate041__colony003.jpg,1.571,32.7,14.2,158.4,5.6,6.3,14.4,13.4
36,cropped_colonies_environmental\plate036__colony001.jpg,1.572,38.3,13.2,168.0,7.9,3.6,10.1,9.8
24,cropped_colonies_environmental\plate024__colony010.jpg,1.574,30.7,19.9,166.6,13.1,22.5,21.8,16.9
7,cropped_colonies_environmental\plate007__colony012.jpg,1.575,29.9,20.8,164.6,9.5,9.4,23.6,21.7
24,cropped_colonies_environmental\plate024__colony008.jpg,1.576,31.2,21.0,154.4,4.9,9.2,17.5,16.3
15,cropped_colonies_environmental\plate015__colony015.jpg,1.582,48.3,10.8,169.5,13.6,4.5,16.1,15.6
13,cropped_colonies_environmental\plate013__colony003.jpg,1.588,35.1,15.3,169.5,4.4,2.5,17.2,17.1
29,cropped_colonies_environmental\plate029__colony002.jpg,1.591,42.5,11.8,164.7,12.0,3.6,15.0,15.0
36,cropped_colonies_environmental\plate036__colony005.jpg,1.598,45.1,12.7,162.1,11.0,6.8,11.0,10.0
36,cropped_colonies_environmental\plate036__colony006.jpg,1.6,31.5,14.8,156.4,7.6,7.8,18.6,16.8
57,cropped_colonies_environmental\plate057__colony006.jpg,1.601,38.8,14.7,162.5,4.9,4.5,13.0,12.8
10,cropped_colonies_environmental\plate010__colony020.jpg,1.602,38.1,11.4,167.1,13.0,8.7,23.2,21.2
60,cropped_colonies_environmental\plate060__colony007.jpg,1.604,30.9,17.6,182.1,6.4,4.4,23.5,23.4
56,cropped_colonies_environmental\plate056__colony016.jpg,1.608,31.5,13.8,153.3,7.4,9.2,16.3,14.9
55,cropped_colonies_environmental\plate055__colony007.jpg,1.609,33.1,14.3,152.3,6.9,11.2,16.4,13.3
47,cropped_colonies_environmental\plate047__colony017.jpg,1.61,27.5,15.6,164.8,5.7,4.2,9.4,8.7
46,cropped_colonies_environmental\plate046__colony002.jpg,1.614,33.4,14.6,152.1,6.7,10.3,14.4,13.2
48,cropped_colonies_environmental\plate048__colony016.jpg,1.621,26.9,15.6,155.9,9.1,18.3,19.7,14.1
20,cropped_colonies_environmental\plate020__colony002.jpg,1.622,37.1,7.4,159.5,17.4,4.1,14.5,13.2
7,cropped_colonies_environmental\plate007__colony011.jpg,1.624,31.0,15.4,158.1,4.3,5.7,12.0,11.2
10,cropped_colonies_environmental\plate010__colony024.jpg,1.627,43.2,9.4,156.9,14.6,7.7,12.3,11.7
1,cropped_colonies_environmental\plate001__colony008.jpg,1.628,27.6,13.8,166.3,9.7,5.2,21.6,20.6
46,cropped_colonies_environmental\plate046__colony004.jpg,1.629,24.0,26.5,156.0,3.1,8.8,19.2,18.0
35,cropped_colonies_environmental\plate035__colony003.jpg,1.63,38.6,9.5,159.4,9.2,5.3,14.7,13.9
47,cropped_colonies_environmental\plate047__colony026.jpg,1.631,24.5,21.7,164.3,1.9,3.0,11.6,11.0
48,cropped_colonies_environmental\plate048__colony015.jpg,1.631,44.9,10.1,161.1,21.4,5.4,17.6,16.9
52,cropped_colonies_environmental\plate052__colony011.jpg,1.632,31.3,12.0,165.7,4.1,3.1,11.7,11.2
47,cropped_colonies_environmental\plate047__colony036.jpg,1.634,33.3,24.1,158.2,14.2,23.5,16.5,13.4
24,cropped_colonies_environmental\plate024__colony006.jpg,1.636,30.9,19.7,152.3,5.1,9.6,18.3,16.4
35,cropped_colonies_environmental\plate035__colony004.jpg,1.636,43.6,9.2,161.4,9.8,5.9,15.7,14.9
16,cropped_colonies_environmental\plate016__colony007.jpg,1.637,36.0,12.4,166.9,4.3,2.3,13.2,13.1
48,cropped_colonies_environmental\plate048__colony009.jpg,1.637,28.9,10.4,151.2,10.1,12.1,15.3,11.7
16,cropped_colonies_environmental\plate016__colony002.jpg,1.639,50.6,7.6,172.2,22.1,3.1,13.8,13.7
17,cropped_colonies_environmental\plate017__colony001.jpg,1.649,47.1,16.9,171.8,12.2,22.5,10.5,7.6
47,cropped_colonies_environmental\plate047__colony018.jpg,1.649,29.4,14.1,156.7,6.3,6.0,17.7,16.4
15,cropped_colonies_environmental\plate015__colony016.jpg,1.65,54.3,12.0,162.8,14.7,11.3,13.2,12.1
19,cropped_colonies_environmental\plate019__colony021.jpg,1.654,44.4,8.1,170.8,7.3,2.9,12.7,12.5
57,cropped_colonies_environmental\plate057__colony002.jpg,1.654,32.4,15.8,151.3,6.5,9.7,17.0,15.9
47,cropped_colonies_environmental\plate047__colony022.jpg,1.658,25.4,21.1,149.7,4.4,11.7,13.8,11.8
47,cropped_colonies_environmental\plate047__colony038.jpg,1.658,46.6,8.7,164.8,17.8,5.4,9.2,9.3
36,cropped_colonies_environmental\plate036__colony008.jpg,1.659,35.6,13.5,157.6,7.3,4.5,15.8,15.1
36,cropped_colonies_environmental\plate036__colony011.jpg,1.659,39.9,22.7,165.4,22.3,22.7,23.7,17.6
19,cropped_colonies_environmental\plate019__colony016.jpg,1.662,25.6,6.6,162.1,43.4,7.7,18.2,17.6
34,cropped_colonies_environmental\plate034__colony005.jpg,1.669,34.9,13.2,161.8,4.5,3.1,14.0,13.9
60,cropped_colonies_environmental\plate060__colony005.jpg,1.669,32.0,20.4,161.3,4.1,4.4,19.6,19.1
30,cropped_colonies_environmental\plate030__colony008.jpg,1.67,31.7,12.8,160.5,4.6,3.6,12.8,12.4
16,cropped_colonies_environmental\plate016__colony008.jpg,1.676,40.2,11.7,165.7,5.0,2.8,12.0,11.9
30,cropped_colonies_environmental\plate030__colony010.jpg,1.676,35.8,11.3,159.3,6.8,3.8,14.1,13.6
55,cropped_colonies_environmental\plate055__colony005.jpg,1.676,41.0,13.2,151.9,27.8,16.1,19.3,17.0
30,cropped_colonies_environmental\plate030__colony009.jpg,1.682,30.9,14.4,158.6,4.1,3.8,13.2,12.7
47,cropped_colonies_environmental\plate047__colony020.jpg,1.687,27.6,15.0,155.0,6.7,7.8,19.8,18.0
28,cropped_colonies_environmental\plate028__colony002.jpg,1.692,34.6,13.7,162.9,4.9,2.7,10.8,10.3
47,cropped_colonies_environmental\plate047__colony007.jpg,1.695,39.9,11.0,154.6,12.3,6.0,16.9,16.0
16,cropped_colonies_environmental\plate016__colony003.jpg,1.699,33.2,10.1,165.4,4.1,2.2,16.1,15.9
52,cropped_colonies_environmental\plate052__colony002.jpg,1.699,49.2,9.4,177.1,26.1,6.2,23.1,22.1
14,cropped_colonies_environmental\plate014__colony008.jpg,1.7,47.1,15.2,152.1,13.8,9.1,14.9,14.8
17,cropped_colonies_environmental\plate017__colony006.jpg,1.705,49.9,15.2,166.3,8.3,19.2,10.1,7.9
10,cropped_colonies_environmental\plate010__colony015.jpg,1.709,39.0,9.7,154.6,7.3,6.9,12.9,12.1
10,cropped_colonies_environmental\plate010__colony008.jpg,1.711,56.8,10.2,172.0,27.8,6.5,18.3,17.5
47,cropped_colonies_environmental\plate047__colony037.jpg,1.711,48.7,18.8,158.6,31.2,6.8,18.4,20.1
47,cropped_colonies_environmental\plate047__colony003.jpg,1.716,48.4,7.4,164.3,25.9,4.8,18.4,17.7
19,cropped_colonies_environmental\plate019__colony017.jpg,1.717,52.3,8.0,175.4,27.2,4.4,20.2,19.6
55,cropped_colonies_environmental\plate055__colony015.jpg,1.727,52.6,16.5,164.2,29.8,15.0,23.0,19.2
47,cropped_colonies_environmental\plate047__colony019.jpg,1.73,29.1,15.6,147.4,6.3,10.1,16.1,14.7
30,cropped_colonies_environmental\plate030__colony002.jpg,1.731,35.7,6.8,158.2,14.7,3.2,11.2,11.0
31,cropped_colonies_environmental\plate031__colony005.jpg,1.735,28.9,7.9,160.2,13.2,3.7,19.4,19.0
48,cropped_colonies_environmental\plate048__colony014.jpg,1.735,30.6,11.6,155.5,5.5,4.4,15.4,14.8
47,cropped_colonies_environmental\plate047__colony024.jpg,1.737,24.8,25.8,156.9,3.6,18.4,22.4,18.5
35,cropped_colonies_environmental\plate035__colony001.jpg,1.738,34.6,9.5,155.2,8.2,4.5,15.3,15.0
30,cropped_colonies_environmental\plate030__colony003.jpg,1.741,33.0,8.7,155.3,9.6,4.4,11.9,11.5
50,cropped_colonies_environmental\plate050__colony011.jpg,1.745,46.0,9.6,158.0,24.9,7.2,20.5,19.0
19,cropped_colonies_environmental\plate019__colony009.jpg,1.753,40.9,4.5,159.9,27.2,3.3,17.2,16.8
24,cropped_colonies_environmental\plate024__colony007.jpg,1.756,41.3,12.3,156.3,7.6,5.2,17.8,17.1
46,cropped_colonies_environmental\plate046__colony005.jpg,1.756,22.8,13.3,159.1,6.1,4.3,9.6,8.7
60,cropped_colonies_environmental\plate060__colony002.jpg,1.756,28.1,28.2,168.9,5.0,6.5,25.4,24.2
19,cropped_colonies_environmental\plate019__colony006.jpg,1.759,48.0,6.1,165.0,23.6,3.8,18.7,18.1
48,cropped_colonies_environmental\plate048__colony011.jpg,1.763,28.5,11.4,160.4,4.7,3.0,10.2,9.9
47,cropped_colonies_environmental\plate047__colony011.jpg,1.765,30.9,13.3,151.7,6.4,6.2,18.0,16.7
13,cropped_colonies_environmental\plate013__colony004.jpg,1.766,48.4,5.8,174.7,13.0,1.7,18.3,18.3
47,cropped_colonies_environmental\plate047__colony014.jpg,1.772,25.9,13.9,154.8,4.3,4.0,12.8,12.3
7,cropped_colonies_environmental\plate007__colony013.jpg,1.774,26.4,30.9,175.1,8.3,25.3,25.8,18.2
46,cropped_colonies_environmental\plate046__colony009.jpg,1.776,34.3,14.1,155.8,2.7,4.4,11.1,10.7
49,cropped_colonies_environmental\plate049__colony009.jpg,1.779,49.0,12.2,157.7,16.0,5.1,17.6,17.1
55,cropped_colonies_environmental\plate055__colony010.jpg,1.779,37.4,12.5,153.5,6.7,4.8,11.6,11.0
10,cropped_colonies_environmental\plate010__colony031.jpg,1.782,55.3,10.8,169.1,19.6,5.3,19.5,18.9
46,cropped_colonies_environmental\plate046__colony006.jpg,1.785,29.6,13.2,153.0,5.7,6.9,9.0,8.2
19,cropped_colonies_environmental\plate019__colony010.jpg,1.786,51.5,9.0,166.9,19.9,4.1,19.5,18.9
1,cropped_colonies_environmental\plate001__colony003.jpg,1.788,31.0,11.5,163.0,16.6,4.4,23.3,22.6
52,cropped_colonies_environmental\plate052__colony006.jpg,1.788,53.2,12.2,166.5,19.2,9.6,23.2,20.8
56,cropped_colonies_environmental\plate056__colony011.jpg,1.79,34.9,4.3,154.8,28.2,3.0,14.0,13.9
19,cropped_colonies_environmental\plate019__colony023.jpg,1.794,55.1,6.4,166.6,18.1,5.1,11.9,11.7
47,cropped_colonies_environmental\plate047__colony006.jpg,1.794,54.2,12.5,159.0,33.1,14.8,19.5,17.5
15,cropped_colonies_environmental\plate015__colony014.jpg,1.797,56.6,12.8,174.4,19.3,5.5,21.2,20.6
48,cropped_colonies_environmental\plate048__colony008.jpg,1.8,56.0,15.9,161.6,25.2,18.6,20.6,14.3
55,cropped_colonies_environmental\plate055__colony008.jpg,1.809,51.8,13.7,157.2,14.5,7.2,18.9,18.0
8,cropped_colonies_environmental\plate008__colony004.jpg,1.81,29.4,8.9,157.5,22.3,6.8,23.5,22.0
49,cropped_colonies_environmental\plate049__colony007.jpg,1.813,50.0,15.7,154.9,19.4,10.1,21.7,19.7
16,cropped_colonies_environmental\plate016__colony005.jpg,1.821,52.1,6.5,159.4,16.6,5.7,12.5,11.9
42,cropped_colonies_environmental\plate042__colony003.jpg,1.821,41.9,10.9,160.1,5.2,2.7,11.0,10.8
47,cropped_colonies_environmental\plate047__colony013.jpg,1.821,26.0,8.5,153.7,8.3,4.2,11.2,10.8
30,cropped_colonies_environmental\plate030__colony004.jpg,1.824,55.2,11.7,162.4,16.7,4.1,13.7,13.5
36,cropped_colonies_environmental\plate036__colony012.jpg,1.826,59.3,13.5,163.5,28.6,10.0,19.2,18.0
47,cropped_colonies_environmental\plate047__colony031.jpg,1.832,27.2,18.0,153.6,7.9,20.7,10.3,5.8
7,cropped_colonies_environmental\plate007__colony003.jpg,1.841,52.2,9.4,165.2,22.1,8.2,22.8,21.6
50,cropped_colonies_environmental\plate050__colony004.jpg,1.85,30.8,29.9,152.7,7.5,22.7,21.2,17.6
48,cropped_colonies_environmental\plate048__colony013.jpg,1.855,27.6,20.9,161.6,5.8,26.5,16.1,11.5
28,cropped_colonies_environmental\plate028__colony001.jpg,1.861,33.0,10.9,152.4,5.0,3.2,13.1,12.7
37,cropped_colonies_environmental\plate037__colony001.jpg,1.864,49.2,4.7,167.8,43.6,2.9,14.7,14.8
24,cropped_colonies_environmental\plate024__colony004.jpg,1.866,40.0,10.4,150.4,10.0,6.5,19.5,18.4
55,cropped_colonies_environmental\plate055__colony012.jpg,1.871,44.6,9.6,153.9,11.0,3.7,16.4,16.3
47,cropped_colonies_environmental\plate047__colony005.jpg,1.881,38.8,9.6,149.5,10.7,4.3,16.7,16.3
19,cropped_colonies_environmental\plate019__colony028.jpg,1.888,53.9,5.4,166.0,15.4,2.7,11.8,11.7
17,cropped_colonies_environmental\plate017__colony009.jpg,1.89,29.4,21.7,169.7,9.6,28.2,22.0,11.0
47,cropped_colonies_environmental\plate047__colony015.jpg,1.891,30.8,11.7,147.6,5.8,5.5,17.5,16.5
56,cropped_colonies_environmental\plate056__colony023.jpg,1.892,54.9,16.7,160.1,29.3,10.6,20.9,22.9
36,cropped_colonies_environmental\plate036__colony003.jpg,1.895,31.2,11.1,158.1,4.9,2.4,8.2,7.9
41,cropped_colonies_environmental\plate041__colony007.jpg,1.896,64.1,9.7,178.2,24.7,3.9,13.8,13.9
56,cropped_colonies_environmental\plate056__colony010.jpg,1.903,45.1,11.9,155.2,21.7,8.9,24.0,22.2
34,cropped_colonies_environmental\plate034__colony004.jpg,1.904,46.6,9.0,161.0,8.2,1.7,10.6,10.4
56,cropped_colonies_environmental\plate056__colony013.jpg,1.908,33.3,9.6,158.0,4.7,2.0,8.9,8.7
47,cropped_colonies_environmental\plate047__colony009.jpg,1.912,47.1,7.5,149.7,34.3,6.3,16.5,15.6
7,cropped_colonies_environmental\plate007__colony023.jpg,1.917,64.6,14.9,180.4,32.8,10.9,20.8,22.2
14,cropped_colonies_environmental\plate014__colony005.jpg,1.918,37.3,11.1,141.8,9.8,8.7,12.7,10.9
60,cropped_colonies_environmental\plate060__colony001.jpg,1.92,29.3,20.0,156.7,4.7,4.5,23.2,22.4
10,cropped_colonies_environmental\plate010__colony014.jpg,1.922,51.6,6.6,155.8,14.2,5.5,10.6,10.3
1,cropped_colonies_environmental\plate001__colony007.jpg,1.932,28.9,13.5,160.8,9.5,4.7,24.5,24.0
36,cropped_colonies_environmental\plate036__colony007.jpg,1.936,40.3,10.6,152.6,4.8,3.7,9.9,9.5
54,cropped_colonies_environmental\plate054__colony013.jpg,1.936,59.0,11.2,181.5,26.2,6.8,24.7,22.9
10,cropped_colonies_environmental\plate010__colony013.jpg,1.94,62.0,8.0,171.2,29.5,5.2,18.3,17.4
35,cropped_colonies_environmental\plate035__colony002.jpg,1.945,36.2,6.7,149.1,8.5,3.5,12.1,11.8
19,cropped_colonies_environmental\plate019__colony027.jpg,1.949,57.7,5.0,166.5,18.8,2.8,14.9,14.6
42,cropped_colonies_environmental\plate042__colony007.jpg,1.952,49.2,12.9,156.6,5.1,2.5,12.5,12.3
47,cropped_colonies_environmental\plate047__colony010.jpg,1.952,31.7,8.2,142.8,9.6,6.0,13.8,13.0
44,cropped_colonies_environmental\plate044__colony003.jpg,1.954,42.9,22.4,162.9,18.4,15.8,28.6,25.3
52,cropped_colonies_environmental\plate052__colony013.jpg,1.954,51.3,5.5,158.1,15.8,2.5,12.9,12.7
19,cropped_colonies_environmental\plate019__colony026.jpg,1.958,56.8,5.1,166.9,15.3,2.7,11.3,11.2
19,cropped_colonies_environmental\plate019__colony005.jpg,1.963,54.7,5.6,163.9,25.1,3.8,19.8,19.3
47,cropped_colonies_environmental\plate047__colony012.jpg,1.964,34.2,9.5,145.0,7.6,4.3,15.1,14.5
50,cropped_colonies_environmental\plate050__colony005.jpg,1.969,37.7,14.0,140.8,6.7,9.8,18.6,17.0
31,cropped_colonies_environmental\plate031__colony001.jpg,1.973,39.3,10.3,156.9,13.4,3.1,22.4,22.3
50,cropped_colonies_environmental\plate050__colony008.jpg,1.984,37.9,14.4,139.5,5.7,15.8,13.2,10.8
48,cropped_colonies_environmental\plate048__colony002.jpg,1.988,57.0,9.6,150.0,31.0,13.0,15.8,11.2
52,cropped_colonies_environmental\plate052__colony001.jpg,1.991,62.6,13.9,164.5,26.7,9.8,21.6,20.1
19,cropped_colonies_environmental\plate019__colony013.jpg,1.995,12.7,2.2,156.8,26.7,3.5,19.0,18.2
10,cropped_colonies_environmental\plate010__colony028.jpg,1.996,57.2,7.3,161.8,21.1,3.3,10.1,10.0
15,cropped_colonies_environmental\plate015__colony013.jpg,1.996,33.6,17.8,177.0,19.9,11.2,31.8,28.2
49,cropped_colonies_environmental\plate049__colony010.jpg,1.999,55.1,11.2,155.5,15.3,4.1,17.6,17.4
42,cropped_colonies_environmental\plate042__colony006.jpg,2.006,47.7,7.9,146.0,16.3,5.2,11.9,12.2
48,cropped_colonies_environmental\plate048__colony001.jpg,2.006,53.4,4.3,164.3,29.7,2.0,8.7,8.9
48,cropped_colonies_environmental\plate048__colony007.jpg,2.006,62.3,14.5,159.3,23.5,18.4,18.9,16.6
54,cropped_colonies_environmental\plate054__colony011.jpg,2.009,67.2,12.7,169.5,23.2,19.0,17.0,14.0
24,cropped_colonies_environmental\plate024__colony005.jpg,2.01,50.5,8.5,153.7,22.6,5.5,21.3,20.4
58,cropped_colonies_environmental\plate058__colony004.jpg,2.017,43.2,20.4,145.5,14.2,23.5,18.2,14.7
50,cropped_colonies_environmental\plate050__colony015.jpg,2.025,61.2,13.6,162.8,32.5,14.3,22.5,20.6
56,cropped_colonies_environmental\plate056__colony006.jpg,2.037,48.0,14.8,154.2,28.5,26.0,16.2,11.2
34,cropped_colonies_environmental\plate034__colony003.jpg,2.041,57.3,8.9,158.7,24.2,2.8,17.2,17.3
48,cropped_colonies_environmental\plate048__colony010.jpg,2.041,63.4,10.5,162.5,17.3,5.4,16.9,16.2
55,cropped_colonies_environmental\plate055__colony016.jpg,2.047,65.2,17.4,163.7,31.4,20.5,16.6,14.3
44,cropped_colonies_environmental\plate044__colony001.jpg,2.059,50.2,12.0,146.8,11.5,3.7,14.8,14.7
42,cropped_colonies_environmental\plate042__colony005.jpg,2.06,58.1,11.3,162.1,10.0,1.9,11.2,11.2
47,cropped_colonies_environmental\plate047__colony008.jpg,2.061,50.1,8.4,144.4,22.9,4.7,14.5,14.1
56,cropped_colonies_environmental\plate056__colony005.jpg,2.072,57.2,6.5,156.8,24.2,2.7,12.4,12.4
19,cropped_colonies_environmental\plate019__colony025.jpg,2.079,57.0,4.7,164.6,12.3,1.7,10.3,10.2
30,cropped_colonies_environmental\plate030__colony007.jpg,2.079,59.4,9.8,159.2,12.7,2.7,13.9,13.8
14,cropped_colonies_environmental\plate014__colony006.jpg,2.081,31.1,24.0,153.5,8.5,22.8,26.2,21.8
59,cropped_colonies_environmental\plate059__colony004.jpg,2.088,37.9,16.6,160.7,29.9,29.9,17.7,9.0
58,cropped_colonies_environmental\plate058__colony005.jpg,2.09,54.9,18.6,149.8,18.1,22.9,12.8,9.9
42,cropped_colonies_environmental\plate042__colony004.jpg,2.097,64.1,16.6,158.7,23.2,16.2,22.1,18.7
17,cropped_colonies_environmental\plate017__colony015.jpg,2.102,61.9,7.1,173.1,16.0,2.3,7.8,7.7
50,cropped_colonies_environmental\plate050__colony006.jpg,2.107,37.5,10.5,140.7,5.8,3.7,14.9,14.1
15,cropped_colonies_environmental\plate015__colony007.jpg,2.108,55.4,5.7,149.1,26.8,4.9,12.2,11.9
8,cropped_colonies_environmental\plate008__colony005.jpg,2.117,43.9,12.5,152.2,33.6,26.9,16.5,11.2
17,cropped_colonies_environmental\plate017__colony016.jpg,2.118,70.0,8.8,180.8,20.7,7.2,7.8,7.4
7,cropped_colonies_environmental\plate007__colony015.jpg,2.122,43.6,22.8,158.5,28.4,10.2,27.5,28.7
17,cropped_colonies_environmental\plate017__colony004.jpg,2.133,56.8,18.9,168.1,63.2,14.6,8.7,10.9
29,cropped_colonies_environmental\plate029__colony001.jpg,2.133,66.5,9.0,171.8,25.4,3.5,18.7,18.5
27,cropped_colonies_environmental\plate027__colony008.jpg,2.136,66.2,12.4,157.5,23.9,7.4,16.7,17.2
14,cropped_colonies_environmental\plate014__colony007.jpg,2.149,31.4,32.0,156.6,6.1,27.9,24.0,18.6
33,cropped_colonies_environmental\plate033__colony001.jpg,2.152,50.6,24.3,160.3,33.7,17.6,27.5,26.5
43,cropped_colonies_environmental\plate043__colony001.jpg,2.155,32.2,7.7,147.4,14.4,4.2,23.6,23.1
24,cropped_colonies_environmental\plate024__colony003.jpg,2.164,65.3,7.6,156.1,30.5,8.5,17.0,16.0
50,cropped_colonies_environmental\plate050__colony013.jpg,2.167,64.6,9.6,156.6,16.0,5.2,14.0,14.5
49,cropped_colonies_environmental\plate049__colony008.jpg,2.168,64.3,13.1,149.0,18.0,11.2,12.7,11.3
5,cropped_colonies_environmental\plate005__colony011.jpg,2.175,63.9,12.9,168.7,38.9,5.2,21.1,21.8
48,cropped_colonies_environmental\plate048__colony012.jpg,2.177,64.0,9.4,157.1,15.2,4.4,13.1,12.6
19,cropped_colonies_environmental\plate019__colony024.jpg,2.181,70.2,8.5,163.2,24.7,11.4,15.6,17.9
52,cropped_colonies_environmental\plate052__colony003.jpg,2.181,58.8,7.2,148.3,25.3,4.7,14.8,14.3
19,cropped_colonies_environmental\plate019__colony029.jpg,2.183,65.8,8.6,165.2,33.0,9.0,20.5,21.9
50,cropped_colonies_environmental\plate050__colony003.jpg,2.193,46.1,23.3,152.2,23.5,25.8,24.7,20.3
35,cropped_colonies_environmental\plate035__colony007.jpg,2.196,70.4,9.9,169.8,23.3,5.5,9.8,9.4
10,cropped_colonies_environmental\plate010__colony033.jpg,2.2,71.3,10.3,162.9,20.0,8.6,13.8,13.3
59,cropped_colonies_environmental\plate059__colony005.jpg,2.203,29.5,26.4,152.4,7.7,30.1,16.9,10.4
7,cropped_colonies_environmental\plate007__colony024.jpg,2.208,69.0,8.8,168.6,19.4,2.9,14.2,14.0
27,cropped_colonies_environmental\plate027__colony007.jpg,2.22,49.1,9.3,149.3,13.3,3.4,22.3,22.2
35,cropped_colonies_environmental\plate035__colony005.jpg,2.222,59.6,18.1,149.1,31.8,13.7,21.2,23.5
48,cropped_colonies_environmental\plate048__colony005.jpg,2.225,39.3,21.5,169.2,48.7,30.9,21.7,12.7
42,cropped_colonies_environmental\plate042__colony001.jpg,2.227,70.3,17.7,160.3,28.4,13.7,21.0,18.9
1,cropped_colonies_environmental\plate001__colony009.jpg,2.232,62.4,8.4,164.2,36.0,5.0,21.7,22.2
50,cropped_colonies_environmental\plate050__colony009.jpg,2.238,29.5,25.8,160.5,19.8,30.7,26.6,15.4
11,cropped_colonies_environmental\plate011__colony009.jpg,2.248,64.5,7.7,167.8,53.7,6.4,12.4,12.7
54,cropped_colonies_environmental\plate054__colony014.jpg,2.256,74.8,13.8,173.0,19.9,19.7,13.9,10.9
15,cropped_colonies_environmental\plate015__colony017.jpg,2.273,57.8,12.3,181.4,38.1,4.0,27.2,27.1
19,cropped_colonies_environmental\plate019__colony019.jpg,2.284,69.5,6.2,166.7,24.4,2.5,13.7,13.8
13,cropped_colonies_environmental\plate013__colony007.jpg,2.29,69.0,9.7,174.1,31.5,6.9,22.3,23.8
50,cropped_colonies_environmental\plate050__colony014.jpg,2.296,68.7,10.0,154.3,16.5,6.6,12.6,12.7
59,cropped_colonies_environmental\plate059__colony003.jpg,2.319,64.0,7.7,150.9,18.4,3.0,14.3,13.9
30,cropped_colonies_environmental\plate030__colony005.jpg,2.324,67.6,5.0,163.0,30.2,2.9,9.8,9.8
10,cropped_colonies_environmental\plate010__colony035.jpg,2.338,70.9,11.9,159.4,23.7,16.9,9.4,6.0
1,cropped_colonies_environmental\plate001__colony005.jpg,2.34,54.4,10.1,143.4,23.5,8.2,24.3,22.9
1,cropped_colonies_environmental\plate001__colony006.jpg,2.366,31.6,11.8,156.6,16.8,6.9,30.8,29.4
52,cropped_colonies_environmental\plate052__colony005.jpg,2.369,34.0,27.2,175.6,13.6,33.4,24.1,24.3
39,cropped_colonies_environmental\plate039__colony006.jpg,2.375,59.7,11.0,164.1,28.9,5.8,27.4,26.5
54,cropped_colonies_environmental\plate054__colony010.jpg,2.385,75.8,14.9,176.7,30.0,4.8,20.5,20.6
10,cropped_colonies_environmental\plate010__colony012.jpg,2.391,70.4,11.5,160.8,28.6,5.9,21.7,20.9
6,cropped_colonies_environmental\plate006__colony007.jpg,2.392,66.2,14.0,173.2,38.5,5.6,26.2,25.2
34,cropped_colonies_environmental\plate034__colony002.jpg,2.393,70.7,10.7,159.7,22.4,3.8,19.1,18.8
49,cropped_colonies_environmental\plate049__colony002.jpg,2.404,63.9,10.2,146.6,19.2,3.2,17.7,17.6
14,cropped_colonies_environmental\plate014__colony003.jpg,2.405,31.8,10.3,162.1,19.4,6.3,31.6,30.7
15,cropped_colonies_environmental\plate015__colony018.jpg,2.407,76.8,9.4,169.8,24.8,5.1,16.8,16.0
56,cropped_colonies_environmental\plate056__colony015.jpg,2.407,64.4,9.8,151.4,31.7,8.8,23.8,22.2
10,cropped_colonies_environmental\plate010__colony019.jpg,2.425,66.4,4.7,154.4,14.8,2.5,10.2,10.1
2,cropped_colonies_environmental\plate002__colony003.jpg,2.441,62.8,10.5,176.0,36.3,3.7,27.2,27.1
11,cropped_colonies_environmental\plate011__colony008.jpg,2.461,70.8,25.2,167.8,37.8,14.8,27.2,24.6
19,cropped_colonies_environmental\plate019__colony007.jpg,2.463,73.7,8.5,162.0,30.1,5.6,20.0,19.2
11,cropped_colonies_environmental\plate011__colony003.jpg,2.469,72.5,17.5,165.4,38.4,12.7,25.1,23.2
17,cropped_colonies_environmental\plate017__colony012.jpg,2.469,78.5,8.8,176.0,31.4,4.5,9.6,10.4
54,cropped_colonies_environmental\plate054__colony020.jpg,2.476,78.7,19.7,182.1,29.7,24.7,17.7,14.6
39,cropped_colonies_environmental\plate039__colony011.jpg,2.49,70.4,9.5,168.2,26.0,2.9,23.5,23.2
24,cropped_colonies_environmental\plate024__colony002.jpg,2.495,69.8,5.3,154.2,31.2,2.2,13.8,13.9
54,cropped_colonies_environmental\plate054__colony008.jpg,2.497,65.8,11.3,156.5,20.6,25.4,9.5,5.6
49,cropped_colonies_environmental\plate049__colony003.jpg,2.499,71.4,14.0,151.3,23.3,5.6,20.4,19.7
14,cropped_colonies_environmental\plate014__colony002.jpg,2.5,36.8,19.3,163.0,22.7,17.9,34.6,31.5
56,cropped_colonies_environmental\plate056__colony009.jpg,2.509,70.9,11.3,148.9,28.0,6.3,19.6,18.9
2,cropped_colonies_environmental\plate002__colony005.jpg,2.522,69.6,10.4,180.5,35.6,4.9,26.1,27.0
3,cropped_colonies_environmental\plate003__colony002.jpg,2.524,70.0,14.3,183.1,33.5,6.8,27.0,28.7
10,cropped_colonies_environmental\plate010__colony036.jpg,2.54,77.1,11.7,165.2,25.0,3.8,19.2,19.3
19,cropped_colonies_environmental\plate019__colony020.jpg,2.54,78.3,9.4,169.2,27.7,4.0,18.5,18.6
41,cropped_colonies_environmental\plate041__colony001.jpg,2.542,74.5,9.1,161.2,22.5,2.5,9.0,9.2
55,cropped_colonies_environmental\plate055__colony006.jpg,2.545,52.0,20.3,149.9,34.9,15.1,29.4,30.1
35,cropped_colonies_environmental\plate035__colony006.jpg,2.557,75.6,8.4,165.1,18.4,1.7,9.7,9.8
5,cropped_colonies_environmental\plate005__colony009.jpg,2.559,74.0,12.1,164.6,37.0,5.9,21.9,23.4
24,cropped_colonies_environmental\plate024__colony011.jpg,2.561,78.0,18.7,164.8,27.8,23.9,14.8,11.1
37,cropped_colonies_environmental\plate037__colony002.jpg,2.562,73.4,7.0,157.0,20.1,1.9,16.3,16.3
20,cropped_colonies_environmental\plate020__colony001.jpg,2.57,70.8,8.4,148.4,15.7,2.7,14.9,14.7
19,cropped_colonies_environmental\plate019__colony012.jpg,2.572,75.6,8.6,158.8,22.6,2.3,16.1,16.1
56,cropped_colonies_environmental\plate056__colony018.jpg,2.589,74.4,9.3,149.3,17.5,5.0,13.4,13.1
2,cropped_colonies_environmental\plate002__colony002.jpg,2.596,70.6,10.6,163.0,35.6,7.6,26.6,24.9
15,cropped_colonies_environmental\plate015__colony008.jpg,2.599,81.0,14.8,161.9,28.3,9.8,20.1,19.0
5,cropped_colonies_environmental\plate005__colony019.jpg,2.601,77.6,15.2,175.5,29.7,3.5,22.8,23.6
55,cropped_colonies_environmental\plate055__colony017.jpg,2.606,82.4,14.7,167.5,30.6,5.2,16.5,16.5
6,cropped_colonies_environmental\plate006__colony006.jpg,2.607,70.6,16.0,174.5,37.2,6.3,28.3,27.2
56,cropped_colonies_environmental\plate056__colony021.jpg,2.607,68.0,23.3,144.3,33.5,17.6,21.3,25.3
4,cropped_colonies_environmental\plate004__colony010.jpg,2.608,75.8,10.2,161.6,30.9,4.1,20.4,21.5
6,cropped_colonies_environmental\plate006__colony009.jpg,2.617,81.6,15.1,171.8,27.9,4.0,18.9,19.9
5,cropped_colonies_environmental\plate005__colony024.jpg,2.63,87.1,19.8,175.1,29.1,8.8,14.7,17.1
4,cropped_colonies_environmental\plate004__colony002.jpg,2.633,80.5,9.5,165.5,32.2,4.0,15.9,16.9
41,cropped_colonies_environmental\plate041__colony002.jpg,2.634,77.7,8.4,159.2,21.6,2.7,11.5,11.4
7,cropped_colonies_environmental\plate007__colony008.jpg,2.636,46.0,15.3,174.9,31.8,9.0,35.9,33.6
54,cropped_colonies_environmental\plate054__colony017.jpg,2.636,85.0,11.9,170.5,19.3,13.0,10.6,8.7
11,cropped_colonies_environmental\plate011__colony012.jpg,2.639,82.0,12.2,169.2,27.9,4.0,17.8,18.0
19,cropped_colonies_environmental\plate019__colony003.jpg,2.648,78.4,5.9,157.3,29.7,4.5,12.8,12.9
11,cropped_colonies_environmental\plate011__colony011.jpg,2.652,81.8,14.9,162.9,36.0,19.1,14.8,9.2
39,cropped_colonies_environmental\plate039__colony004.jpg,2.656,68.2,9.2,168.2,35.6,3.0,26.5,27.2
54,cropped_colonies_environmental\plate054__colony005.jpg,2.663,77.7,6.0,157.5,23.4,3.0,11.9,11.9
7,cropped_colonies_environmental\plate007__colony016.jpg,2.666,74.0,15.3,160.4,30.5,10.8,27.1,25.3
15,cropped_colonies_environmental\plate015__colony009.jpg,2.67,79.2,10.3,159.3,22.1,3.3,17.8,17.6
54,cropped_colonies_environmental\plate054__colony015.jpg,2.678,80.6,9.1,172.1,12.1,4.1,7.3,7.1
5,cropped_colonies_environmental\plate005__colony023.jpg,2.693,85.1,13.9,168.2,20.6,4.8,13.2,14.4
6,cropped_colonies_environmental\plate006__colony008.jpg,2.693,81.3,16.6,168.8,30.6,4.5,21.3,22.1
10,cropped_colonies_environmental\plate010__colony029.jpg,2.695,78.7,12.1,163.4,31.8,5.5,22.4,22.5
39,cropped_colonies_environmental\plate039__colony005.jpg,2.702,72.9,6.1,146.5,17.6,2.1,15.7,15.7
55,cropped_colonies_environmental\plate055__colony003.jpg,2.704,62.6,18.3,140.9,38.3,26.9,19.3,19.4
5,cropped_colonies_environmental\plate005__colony021.jpg,2.707,79.9,14.0,171.4,27.5,2.9,22.2,23.0
10,cropped_colonies_environmental\plate010__colony032.jpg,2.709,80.2,9.8,162.8,35.5,4.3,18.9,19.4
48,cropped_colonies_environmental\plate048__colony003.jpg,2.732,72.4,20.1,151.3,32.1,26.6,21.7,16.1
19,cropped_colonies_environmental\plate019__colony004.jpg,2.733,80.0,7.8,166.8,31.3,2.8,20.2,20.8
6,cropped_colonies_environmental\plate006__colony002.jpg,2.736,73.1,20.0,171.3,37.8,5.5,27.9,28.5
27,cropped_colonies_environmental\plate027__colony002.jpg,2.742,77.3,12.9,160.2,30.1,6.3,24.1,24.6
54,cropped_colonies_environmental\plate054__colony007.jpg,2.749,86.7,11.6,164.1,20.7,16.3,13.8,11.6
2,cropped_colonies_environmental\plate002__colony001.jpg,2.759,60.4,11.3,173.3,38.6,4.5,32.2,31.6
15,cropped_colonies_environmental\plate015__colony019.jpg,2.762,87.2,12.8,171.0,25.2,4.4,14.3,14.8
55,cropped_colonies_environmental\plate055__colony018.jpg,2.766,83.4,10.3,157.9,21.0,5.8,10.8,10.5
55,cropped_colonies_environmental\plate055__colony013.jpg,2.77,81.7,10.4,155.0,19.9,3.7,12.8,12.9
31,cropped_colonies_environmental\plate031__colony002.jpg,2.772,60.8,16.3,147.4,30.2,12.1,29.2,31.2
7,cropped_colonies_environmental\plate007__colony014.jpg,2.785,82.0,18.6,162.9,29.1,11.8,25.3,23.7
54,cropped_colonies_environmental\plate054__colony016.jpg,2.788,88.0,10.7,168.3,17.8,9.8,10.4,9.6
56,cropped_colonies_environmental\plate056__colony012.jpg,2.788,83.0,14.1,153.7,24.9,5.2,16.5,17.2
35,cropped_colonies_environmental\plate035__colony008.jpg,2.791,86.4,11.5,167.7,24.3,4.4,10.5,10.9
49,cropped_colonies_environmental\plate049__colony006.jpg,2.791,78.6,11.3,148.2,16.8,2.6,12.8,12.7
27,cropped_colonies_environmental\plate027__colony005.jpg,2.803,70.8,9.2,151.4,27.3,3.8,25.8,25.4
55,cropped_colonies_environmental\plate055__colony004.jpg,2.808,81.0,11.6,146.7,24.8,8.3,19.3,17.4
5,cropped_colonies_environmental\plate005__colony022.jpg,2.81,89.9,21.6,177.0,27.9,9.9,18.7,22.3
53,cropped_colonies_environmental\plate053__colony001.jpg,2.81,86.7,9.1,175.5,24.8,5.3,20.2,20.6
4,cropped_colonies_environmental\plate004__colony004.jpg,2.816,81.0,9.9,157.6,28.5,2.9,19.3,19.8
41,cropped_colonies_environmental\plate041__colony006.jpg,2.816,85.2,10.3,171.1,17.6,3.4,7.7,8.3
5,cropped_colonies_environmental\plate005__colony017.jpg,2.82,79.6,18.6,169.9,33.1,5.1,25.4,26.9
55,cropped_colonies_environmental\plate055__colony001.jpg,2.821,45.5,23.2,151.4,39.0,34.9,24.2,22.5
5,cropped_colonies_environmental\plate005__colony002.jpg,2.828,88.0,26.9,155.9,31.0,15.9,12.1,13.5
10,cropped_colonies_environmental\plate010__colony026.jpg,2.83,81.3,8.1,158.1,11.3,1.7,11.8,11.6
19,cropped_colonies_environmental\plate019__colony008.jpg,2.842,83.2,12.1,163.0,26.9,2.9,20.3,21.1
50,cropped_colonies_environmental\plate050__colony007.jpg,2.861,48.9,21.7,163.3,44.5,19.0,33.0,35.8
49,cropped_colonies_environmental\plate049__colony004.jpg,2.864,82.5,13.2,147.2,16.7,5.3,15.7,15.3
7,cropped_colonies_environmental\plate007__colony004.jpg,2.867,80.7,13.7,155.8,37.3,9.7,24.1,23.6
7,cropped_colonies_environmental\plate007__colony017.jpg,2.872,86.7,14.6,156.0,24.9,8.9,19.7,18.5
8,cropped_colonies_environmental\plate008__colony003.jpg,2.873,82.4,14.5,162.5,32.1,6.1,23.7,24.5
10,cropped_colonies_environmental\plate010__colony017.jpg,2.878,84.2,9.6,156.0,18.5,2.9,14.9,15.0
19,cropped_colonies_environmental\plate019__colony001.jpg,2.88,84.6,7.0,159.7,34.4,3.2,15.2,15.9
44,cropped_colonies_environmental\plate044__colony002.jpg,2.883,57.8,19.2,133.2,29.6,14.8,28.1,30.4
55,cropped_colonies_environmental\plate055__colony014.jpg,2.884,82.8,9.6,153.4,16.0,2.7,11.3,11.3
47,cropped_colonies_environmental\plate047__colony001.jpg,2.888,88.6,14.4,160.0,23.0,5.6,13.8,14.9
19,cropped_colonies_environmental\plate019__colony018.jpg,2.893,66.4,17.8,162.7,78.3,16.3,20.5,22.2
55,cropped_colonies_environmental\plate055__colony002.jpg,2.893,64.5,24.6,140.5,36.7,18.8,26.0,30.4
54,cropped_colonies_environmental\plate054__colony006.jpg,2.894,84.5,8.5,161.1,27.4,2.4,18.5,18.7
39,cropped_colonies_environmental\plate039__colony003.jpg,2.896,72.7,8.6,164.5,36.2,2.9,27.8,28.2
7,cropped_colonies_environmental\plate007__colony001.jpg,2.901,88.1,15.3,164.9,31.0,6.2,19.4,20.8
54,cropped_colonies_environmental\plate054__colony009.jpg,2.902,89.4,20.6,171.1,20.9,23.8,14.7,11.6
8,cropped_colonies_environmental\plate008__colony006.jpg,2.908,80.4,21.6,160.8,33.2,9.2,27.4,26.8
39,cropped_colonies_environmental\plate039__colony009.jpg,2.911,81.0,8.3,149.2,16.6,1.6,12.2,12.2
6,cropped_colonies_environmental\plate006__colony001.jpg,2.913,87.1,12.5,167.3,30.7,3.5,20.0,20.2
5,cropped_colonies_environmental\plate005__colony007.jpg,2.924,81.6,13.2,164.7,34.1,3.9,24.6,25.1
7,cropped_colonies_environmental\plate007__colony002.jpg,2.924,82.2,10.6,158.8,38.8,5.0,22.2,22.9
49,cropped_colonies_environmental\plate049__colony005.jpg,2.927,80.5,15.4,139.0,19.9,11.3,19.6,21.2
5,cropped_colonies_environmental\plate005__colony020.jpg,2.928,88.1,13.4,165.8,23.7,3.4,18.7,19.6
54,cropped_colonies_environmental\plate054__colony012.jpg,2.928,87.9,19.2,170.4,23.5,25.2,12.3,8.7
1,cropped_colonies_environmental\plate001__colony002.jpg,2.93,78.1,10.6,146.5,29.0,3.3,21.7,22.2
4,cropped_colonies_environmental\plate004__colony007.jpg,2.936,83.3,11.3,156.4,27.2,3.5,21.1,22.0
27,cropped_colonies_environmental\plate027__colony003.jpg,2.937,86.8,10.9,157.8,21.7,3.7,17.3,17.7
5,cropped_colonies_environmental\plate005__colony010.jpg,2.94,81.1,11.8,162.9,32.7,3.7,25.1,25.0
57,cropped_colonies_environmental\plate057__colony001.jpg,2.947,70.4,18.2,140.7,33.6,13.9,26.8,28.9
4,cropped_colonies_environmental\plate004__colony003.jpg,2.949,85.5,12.1,157.3,28.7,3.0,18.9,19.7
30,cropped_colonies_environmental\plate030__colony001.jpg,2.953,86.1,9.5,157.6,18.1,1.8,13.6,13.8
12,cropped_colonies_environmental\plate012__colony002.jpg,2.955,91.0,18.9,163.2,28.2,5.7,16.9,18.0
58,cropped_colonies_environmental\plate058__colony003.jpg,2.955,87.5,11.9,153.9,28.9,7.8,18.0,19.2
6,cropped_colonies_environmental\plate006__colony003.jpg,2.957,90.4,17.5,162.6,23.2,5.1,16.8,18.6
15,cropped_colonies_environmental\plate015__colony012.jpg,2.963,86.1,5.5,168.3,44.8,2.8,10.1,10.4
59,cropped_colonies_environmental\plate059__colony001.jpg,2.967,82.7,7.8,149.9,16.3,1.2,13.7,13.8
11,cropped_colonies_environmental\plate011__colony016.jpg,2.97,93.7,15.0,167.5,23.0,10.7,10.8,10.6
4,cropped_colonies_environmental\plate004__colony001.jpg,2.985,92.9,20.5,164.9,19.7,8.8,17.2,19.9
15,cropped_colonies_environmental\plate015__colony010.jpg,2.985,88.7,12.3,157.7,17.9,3.5,13.7,13.6
39,cropped_colonies_environmental\plate039__colony010.jpg,2.993,81.0,7.2,149.0,8.8,0.8,11.2,11.0
8,cropped_colonies_environmental\plate008__colony007.jpg,2.994,88.1,6.4,158.6,28.9,3.7,11.8,12.5
43,cropped_colonies_environmental\plate043__colony002.jpg,2.996,84.2,9.3,153.6,20.5,2.1,19.6,19.7
55,cropped_colonies_environmental\plate055__colony019.jpg,3.001,89.5,13.0,153.3,21.8,6.4,12.4,12.4
38,cropped_colonies_environmental\plate038__colony002.jpg,3.003,80.6,8.6,154.1,29.9,2.9,23.8,23.9
11,cropped_colonies_environmental\plate011__colony018.jpg,3.009,95.6,21.8,174.9,26.3,15.3,9.8,7.1
21,cropped_colonies_environmental\plate021__colony003.jpg,3.012,84.8,7.7,153.2,42.9,4.2,18.5,16.6
44,cropped_colonies_environmental\plate044__colony004.jpg,3.014,93.7,15.0,165.9,25.6,6.4,14.1,15.5
5,cropped_colonies_environmental\plate005__colony018.jpg,3.019,82.1,14.1,166.7,32.2,4.5,27.0,27.4
55,cropped_colonies_environmental\plate055__colony020.jpg,3.024,92.3,13.2,159.2,19.1,9.7,10.3,9.8
17,cropped_colonies_environmental\plate017__colony013.jpg,3.026,51.5,25.7,178.0,20.2,43.0,13.9,7.4
39,cropped_colonies_environmental\plate039__colony008.jpg,3.028,86.0,8.3,153.5,17.5,1.3,15.3,15.5
27,cropped_colonies_environmental\plate027__colony001.jpg,3.034,81.6,12.1,160.6,29.8,3.4,25.7,26.6
11,cropped_colonies_environmental\plate011__colony005.jpg,3.041,89.5,22.7,154.0,31.8,13.6,22.1,21.4
24,cropped_colonies_environmental\plate024__colony001.jpg,3.041,86.8,18.5,147.8,30.5,22.5,14.9,12.5
10,cropped_colonies_environmental\plate010__colony001.jpg,3.043,91.8,11.7,167.2,23.0,3.4,17.6,18.6
14,cropped_colonies_environmental\plate014__colony001.jpg,3.043,81.8,12.8,140.4,28.1,6.1,21.6,21.4
58,cropped_colonies_environmental\plate058__colony001.jpg,3.045,85.6,20.2,152.3,32.0,6.9,23.2,24.2
39,cropped_colonies_environmental\plate039__colony002.jpg,3.047,77.6,13.7,172.2,39.2,7.8,29.6,31.9
4,cropped_colonies_environmental\plate004__colony005.jpg,3.052,88.2,18.4,152.7,25.7,5.4,20.1,21.7
54,cropped_colonies_environmental\plate054__colony018.jpg,3.054,90.4,9.5,170.5,10.7,1.9,9.3,9.6
11,cropped_colonies_environmental\plate011__colony014.jpg,3.055,94.7,16.9,169.4,34.0,16.7,11.5,7.3
50,cropped_colonies_environmental\plate050__colony002.jpg,3.056,83.8,13.4,146.0,27.7,3.9,20.8,21.4
49,cropped_colonies_environmental\plate049__colony001.jpg,3.064,87.0,18.0,142.9,23.9,6.7,17.9,19.0
10,cropped_colonies_environmental\plate010__colony025.jpg,3.07,87.8,13.4,158.6,26.4,2.9,21.1,21.9
10,cropped_colonies_environmental\plate010__colony006.jpg,3.072,90.5,13.5,153.8,22.0,4.0,13.5,14.3
7,cropped_colonies_environmental\plate007__colony010.jpg,3.079,88.1,14.2,159.5,25.8,3.3,21.8,22.6
54,cropped_colonies_environmental\plate054__colony004.jpg,3.08,82.2,17.9,160.9,27.8,31.5,16.7,12.1
10,cropped_colonies_environmental\plate010__colony009.jpg,3.083,88.6,10.3,151.0,17.8,3.1,13.0,13.2
5,cropped_colonies_environmental\plate005__colony016.jpg,3.084,83.1,22.5,165.6,32.8,6.4,27.8,29.7
27,cropped_colonies_environmental\plate027__colony004.jpg,3.088,82.9,18.0,147.0,28.3,6.8,24.3,25.8
5,cropped_colonies_environmental\plate005__colony003.jpg,3.09,83.7,13.3,164.2,34.3,4.8,26.7,27.4
7,cropped_colonies_environmental\plate007__colony005.jpg,3.09,84.2,16.3,152.7,33.7,8.5,26.3,25.4
4,cropped_colonies_environmental\plate004__colony006.jpg,3.095,88.7,18.8,152.3,25.8,5.1,20.7,22.1
26,cropped_colonies_environmental\plate026__colony001.jpg,3.099,82.6,14.8,151.5,26.1,3.5,25.1,25.4
12,cropped_colonies_environmental\plate012__colony003.jpg,3.117,95.3,23.8,158.5,31.3,11.8,11.3,7.7
10,cropped_colonies_environmental\plate010__colony003.jpg,3.127,90.8,9.1,158.4,14.1,2.5,10.9,10.8
6,cropped_colonies_environmental\plate006__colony010.jpg,3.131,93.8,15.2,165.4,10.9,3.1,11.0,11.5
10,cropped_colonies_environmental\plate010__colony016.jpg,3.132,90.1,12.9,151.2,19.3,2.7,15.5,16.1
39,cropped_colonies_environmental\plate039__colony007.jpg,3.135,88.8,8.6,149.7,18.6,2.4,14.5,14.7
6,cropped_colonies_environmental\plate006__colony005.jpg,3.14,95.9,17.2,165.2,17.5,4.3,12.4,13.7
54,cropped_colonies_environmental\plate054__colony019.jpg,3.148,51.1,29.1,177.7,35.4,43.6,23.1,8.7
5,cropped_colonies_environmental\plate005__colony006.jpg,3.152,96.2,14.4,165.6,19.3,6.4,16.8,18.5
15,cropped_colonies_environmental\plate015__colony004.jpg,3.152,95.8,20.1,157.7,16.6,8.3,10.7,10.9
15,cropped_colonies_environmental\plate015__colony006.jpg,3.152,93.8,17.4,156.8,18.4,3.7,13.9,14.4
50,cropped_colonies_environmental\plate050__colony001.jpg,3.154,88.2,10.8,146.0,23.9,3.5,18.1,18.3
27,cropped_colonies_environmental\plate027__colony006.jpg,3.16,85.0,14.2,145.5,25.8,4.5,23.3,23.5
50,cropped_colonies_environmental\plate050__colony016.jpg,3.169,81.4,18.7,154.2,26.5,32.2,14.4,9.5
3,cropped_colonies_environmental\plate003__colony003.jpg,3.172,99.8,21.4,176.4,19.9,5.3,13.4,14.8
11,cropped_colonies_environmental\plate011__colony013.jpg,3.182,97.5,20.2,163.0,37.8,16.6,12.6,12.1
16,cropped_colonies_environmental\plate016__colony004.jpg,3.184,95.6,15.2,159.1,21.4,4.7,11.9,12.7
5,cropped_colonies_environmental\plate005__colony008.jpg,3.185,78.8,10.1,158.1,39.7,4.7,29.5,29.3
19,cropped_colonies_environmental\plate019__colony002.jpg,3.193,94.7,16.3,154.0,22.7,5.3,14.9,16.4
10,cropped_colonies_environmental\plate010__colony034.jpg,3.194,93.1,10.7,163.7,14.1,2.9,7.6,8.0
17,cropped_colonies_environmental\plate017__colony014.jpg,3.197,84.9,20.1,179.1,28.0,34.3,11.4,8.1
10,cropped_colonies_environmental\plate010__colony002.jpg,3.207,94.2,12.0,157.0,21.3,3.6,10.5,11.1
5,cropped_colonies_environmental\plate005__colony014.jpg,3.22,89.1,22.2,157.7,28.1,6.5,25.4,27.6
11,cropped_colonies_environmental\plate011__colony004.jpg,3.222,87.1,21.1,159.9,30.5,6.5,26.8,29.1
9,cropped_colonies_environmental\plate009__colony001.jpg,3.223,88.8,32.4,158.1,40.6,25.5,25.5,17.3
11,cropped_colonies_environmental\plate011__colony017.jpg,3.226,98.7,27.3,170.6,26.3,18.8,8.8,5.7
19,cropped_colonies_environmental\plate019__colony011.jpg,3.227,93.4,11.7,154.8,14.8,2.6,13.3,13.8
11,cropped_colonies_environmental\plate011__colony007.jpg,3.237,69.1,32.2,161.1,38.2,37.1,27.2,19.4
12,cropped_colonies_environmental\plate012__colony001.jpg,3.244,84.9,21.7,163.2,59.7,15.4,26.6,26.5
4,cropped_colonies_environmental\plate004__colony008.jpg,3.253,94.0,11.6,153.0,15.4,3.4,15.3,16.0
7,cropped_colonies_environmental\plate007__colony007.jpg,3.259,68.4,18.2,170.5,39.0,7.0,36.9,36.0
5,cropped_colonies_environmental\plate005__colony005.jpg,3.264,95.5,13.2,155.1,21.1,4.2,16.8,17.9
5,cropped_colonies_environmental\plate005__colony004.jpg,3.27,98.6,16.1,164.9,16.6,8.5,18.6,21.3
10,cropped_colonies_environmental\plate010__colony037.jpg,3.277,96.8,11.6,168.1,11.3,2.8,9.0,9.5
15,cropped_colonies_environmental\plate015__colony002.jpg,3.277,98.0,25.4,152.6,20.9,17.1,11.9,10.1
17,cropped_colonies_environmental\plate017__colony011.jpg,3.282,68.7,26.4,174.3,29.1,42.3,19.5,14.1
1,cropped_colonies_environmental\plate001__colony001.jpg,3.286,96.3,16.0,159.1,14.1,6.1,20.2,21.2
7,cropped_colonies_environmental\plate007__colony006.jpg,3.292,94.3,14.2,147.3,20.1,4.2,15.7,16.3
15,cropped_colonies_environmental\plate015__colony005.jpg,3.299,97.0,18.2,157.1,12.5,3.6,11.1,11.7
48,cropped_colonies_environmental\plate048__colony004.jpg,3.304,66.9,28.8,157.1,30.5,39.4,26.2,17.5
16,cropped_colonies_environmental\plate016__colony001.jpg,3.308,101.3,14.7,168.3,17.7,6.4,11.4,12.2
8,cropped_colonies_environmental\plate008__colony001.jpg,3.312,93.8,22.4,159.5,44.5,25.3,17.8,11.1
56,cropped_colonies_environmental\plate056__colony007.jpg,3.315,94.8,8.7,144.8,24.7,7.1,13.9,13.9
5,cropped_colonies_environmental\plate005__colony012.jpg,3.322,96.3,12.1,156.0,20.1,3.0,17.0,18.1
39,cropped_colonies_environmental\plate039__colony001.jpg,3.329,99.7,20.9,159.0,20.9,7.4,17.5,20.1
10,cropped_colonies_environmental\plate010__colony021.jpg,3.332,95.2,13.9,151.0,16.0,2.5,11.1,11.6
53,cropped_colonies_environmental\plate053__colony002.jpg,3.337,99.3,22.8,154.6,17.3,6.6,10.0,11.0
10,cropped_colonies_environmental\plate010__colony023.jpg,3.342,94.4,10.8,151.3,13.5,2.8,9.5,9.8
56,cropped_colonies_environmental\plate056__colony002.jpg,3.344,94.9,13.3,147.5,21.5,4.4,18.0,18.8
15,cropped_colonies_environmental\plate015__colony003.jpg,3.353,99.6,20.5,156.2,13.9,5.2,13.2,14.3
2,cropped_colonies_environmental\plate002__colony004.jpg,3.354,95.6,9.8,154.7,9.6,2.4,11.4,11.8
11,cropped_colonies_environmental\plate011__colony001.jpg,3.354,99.3,22.2,157.6,39.8,19.1,13.8,9.6
10,cropped_colonies_environmental\plate010__colony022.jpg,3.358,95.6,11.8,152.2,13.1,2.4,11.1,11.3
5,cropped_colonies_environmental\plate005__colony013.jpg,3.365,98.3,15.5,153.1,15.9,4.8,15.0,16.3
11,cropped_colonies_environmental\plate011__colony015.jpg,3.371,101.3,23.0,165.7,31.2,20.6,11.8,7.4
9,cropped_colonies_environmental\plate009__colony002.jpg,3.372,96.6,14.8,156.9,25.5,22.0,9.5,5.0
10,cropped_colonies_environmental\plate010__colony005.jpg,3.395,99.3,18.7,148.1,11.2,11.4,14.1,16.7
15,cropped_colonies_environmental\plate015__colony001.jpg,3.395,101.5,30.2,152.5,18.0,7.9,12.1,13.8
11,cropped_colonies_environmental\plate011__colony006.jpg,3.398,97.9,17.2,158.3,26.5,23.9,17.4,19.1
10,cropped_colonies_environmental\plate010__colony018.jpg,3.412,96.3,14.0,150.6,11.8,2.3,9.9,10.3
10,cropped_colonies_environmental\plate010__colony011.jpg,3.435,96.6,13.1,151.0,11.3,2.1,9.5,9.9
3,cropped_colonies_environmental\plate003__colony001.jpg,3.444,99.1,12.8,159.6,8.7,2.0,10.4,10.9
10,cropped_colonies_environmental\plate010__colony030.jpg,3.462,102.1,12.8,159.2,16.4,4.3,12.7,13.4
6,cropped_colonies_environmental\plate006__colony004.jpg,3.464,100.0,10.3,156.0,19.6,3.0,10.6,10.9
56,cropped_colonies_environmental\plate056__colony004.jpg,3.473,99.4,18.9,142.7,15.7,7.2,13.2,13.6
21,cropped_colonies_environmental\plate021__colony002.jpg,3.481,94.5,22.0,154.8,43.6,6.8,25.9,26.2
9,cropped_colonies_environmental\plate009__colony003.jpg,3.483,101.8,28.0,153.7,21.3,20.0,11.2,6.9
58,cropped_colonies_environmental\plate058__colony002.jpg,3.487,78.7,21.1,149.8,32.9,21.7,30.6,35.4
46,cropped_colonies_environmental\plate046__colony001.jpg,3.489,96.8,18.8,142.3,18.2,17.6,19.0,23.3
1,cropped_colonies_environmental\plate001__colony004.jpg,3.501,79.7,24.4,131.6,33.7,17.6,28.7,32.0
54,cropped_colonies_environmental\plate054__colony003.jpg,3.504,99.7,10.7,158.3,10.7,1.7,9.2,9.6
10,cropped_colonies_environmental\plate010__colony007.jpg,3.517,92.4,27.6,138.4,34.5,26.3,18.6,19.7
8,cropped_colonies_environmental\plate008__colony002.jpg,3.525,92.9,27.8,165.3,46.5,32.2,20.9,12.6
4,cropped_colonies_environmental\plate004__colony011.jpg,3.543,100.4,24.5,156.4,16.9,16.6,22.4,26.7
21,cropped_colonies_environmental\plate021__colony001.jpg,3.551,103.7,10.7,150.3,29.5,10.5,13.9,12.2
54,cropped_colonies_environmental\plate054__colony001.jpg,3.555,104.1,25.7,170.2,1.2,2.8,8.8,9.4
4,cropped_colonies_environmental\plate004__colony009.jpg,3.567,101.7,22.1,151.5,5.2,4.5,9.1,10.3
56,cropped_colonies_environmental\plate056__colony003.jpg,3.612,100.4,19.1,138.6,16.8,4.1,13.5,14.6
10,cropped_colonies_environmental\plate010__colony004.jpg,3.622,100.1,29.0,141.6,10.2,18.9,18.2,22.9
54,cropped_colonies_environmental\plate054__colony002.jpg,3.628,84.5,35.8,165.8,30.9,40.3,21.2,16.1
11,cropped_colonies_environmental\plate011__colony010.jpg,3.656,99.4,30.9,145.7,26.8,24.6,19.5,23.7
5,cropped_colonies_environmental\plate005__colony001.jpg,3.68,106.8,25.0,156.1,4.4,4.8,12.2,13.8
10,cropped_colonies_environmental\plate010__colony027.jpg,3.684,103.2,13.2,152.9,7.7,2.5,8.2,8.8
5,cropped_colonies_environmental\plate005__colony015.jpg,3.74,93.6,23.4,144.1,24.6,20.3,27.3,32.2
56,cropped_colonies_environmental\plate056__colony001.jpg,3.755,103.8,9.8,144.4,15.0,2.9,10.1,10.3
38,cropped_colonies_environmental\plate038__colony001.jpg,4.07,107.0,28.3,150.1,15.3,18.3,27.7,31.2
11,cropped_colonies_environmental\plate011__colony002.jpg,4.115,113.9,20.6,150.7,46.9,23.6,14.6,11.0
52,cropped_colonies_environmental\plate052__colony008.jpg,4.237,28.6,39.9,168.3,6.2,57.1,22.3,11.1
1,cropped_colonies_environmental\plate001__colony010.jpg,4.359,74.6,33.2,141.6,36.1,25.5,40.6,45.5
19,cropped_colonies_environmental\plate019__colony015.jpg,4.449,115.5,30.3,158.4,79.0,22.9,14.8,15.6
50,cropped_colonies_environmental\plate050__colony012.jpg,5.458,34.4,52.6,165.3,12.3,70.7,24.5,12.4
50,cropped_colonies_environmental\plate050__colony010.jpg,5.815,49.0,60.8,159.6,32.2,71.8,31.3,23.8
14,cropped_colonies_environmental\plate014__colony004.jpg,6.587,25.7,78.4,163.0,5.5,80.4,33.9,17.8
15,cropped_colonies_environmental\plate015__colony011.jpg,7.158,24.6,90.7,178.8,6.5,87.0,34.0,14.9
