crop_path,source_image,x,y,w,h,area,circularity,solidity
cropped_colonies_gfp7\main_01__colony001.jpg,new_batch_202609\main\main_01.jpg,1812,3038,28,20,460.5,0.729,0.96
cropped_colonies_gfp7\main_01__colony002.jpg,new_batch_202609\main\main_01.jpg,658,2656,30,32,535.5,0.58,0.907
cropped_colonies_gfp7\main_01__colony003.jpg,new_batch_202609\main\main_01.jpg,1126,1978,26,28,405.5,0.53,0.787
cropped_colonies_gfp7\main_01__colony004.jpg,new_batch_202609\main\main_01.jpg,2160,1638,48,58,1717.5,0.577,0.892
cropped_colonies_gfp7\main_01__colony005.jpg,new_batch_202609\main\main_01.jpg,1084,1439,20,21,307.5,0.708,0.911
cropped_colonies_gfp7\main_05__colony001.jpg,new_batch_202609\main\main_05.jpg,1456,3088,46,40,873.0,0.489,0.829
cropped_colonies_gfp7\main_05__colony002.jpg,new_batch_202609\main\main_05.jpg,1666,3063,29,31,602.0,0.733,0.93
cropped_colonies_gfp7\main_05__colony003.jpg,new_batch_202609\main\main_05.jpg,1141,2961,26,24,460.5,0.9,0.984
cropped_colonies_gfp7\main_05__colony004.jpg,new_batch_202609\main\main_05.jpg,1022,2876,24,20,388.5,0.788,0.959
cropped_colonies_gfp7\main_05__colony005.jpg,new_batch_202609\main\main_05.jpg,2216,2840,35,33,548.5,0.566,0.927
cropped_colonies_gfp7\main_05__colony006.jpg,new_batch_202609\main\main_05.jpg,1062,2809,18,18,238.5,0.89,0.973
cropped_colonies_gfp7\main_05__colony007.jpg,new_batch_202609\main\main_05.jpg,1506,2803,30,32,686.5,0.851,0.966
cropped_colonies_gfp7\main_05__colony008.jpg,new_batch_202609\main\main_05.jpg,1123,2729,32,45,916.5,0.716,0.93
cropped_colonies_gfp7\main_05__colony009.jpg,new_batch_202609\main\main_05.jpg,2289,2720,55,76,2264.5,0.563,0.869
cropped_colonies_gfp7\main_05__colony010.jpg,new_batch_202609\main\main_05.jpg,886,2716,93,84,5708.5,0.726,0.948
cropped_colonies_gfp7\main_05__colony011.jpg,new_batch_202609\main\main_05.jpg,1442,2701,18,19,255.5,0.825,0.953
cropped_colonies_gfp7\main_05__colony012.jpg,new_batch_202609\main\main_05.jpg,2201,2700,38,37,1054.0,0.865,0.974
cropped_colonies_gfp7\main_05__colony013.jpg,new_batch_202609\main\main_05.jpg,2073,2689,56,59,2585.0,0.756,0.954
cropped_colonies_gfp7\main_05__colony014.jpg,new_batch_202609\main\main_05.jpg,881,2592,39,34,893.5,0.791,0.959
cropped_colonies_gfp7\main_05__colony015.jpg,new_batch_202609\main\main_05.jpg,2187,2541,29,27,579.5,0.815,0.951
cropped_colonies_gfp7\main_05__colony016.jpg,new_batch_202609\main\main_05.jpg,1384,2507,40,49,1226.0,0.516,0.848
cropped_colonies_gfp7\main_05__colony017.jpg,new_batch_202609\main\main_05.jpg,901,2489,36,36,981.5,0.881,0.979
cropped_colonies_gfp7\main_05__colony018.jpg,new_batch_202609\main\main_05.jpg,2053,2459,59,66,2667.5,0.532,0.871
cropped_colonies_gfp7\main_05__colony019.jpg,new_batch_202609\main\main_05.jpg,711,2447,32,31,738.0,0.85,0.969
cropped_colonies_gfp7\main_05__colony020.jpg,new_batch_202609\main\main_05.jpg,1318,2339,31,39,743.5,0.686,0.905
cropped_colonies_gfp7\main_05__colony021.jpg,new_batch_202609\main\main_05.jpg,488,2299,27,26,538.5,0.863,0.974
cropped_colonies_gfp7\main_05__colony022.jpg,new_batch_202609\main\main_05.jpg,980,2287,34,33,850.5,0.873,0.978
cropped_colonies_gfp7\main_05__colony023.jpg,new_batch_202609\main\main_05.jpg,1568,2238,19,18,243.0,0.8,0.946
cropped_colonies_gfp7\main_05__colony024.jpg,new_batch_202609\main\main_05.jpg,1495,2208,39,48,1355.5,0.762,0.956
cropped_colonies_gfp7\main_05__colony025.jpg,new_batch_202609\main\main_05.jpg,1360,2163,52,51,2001.0,0.726,0.94
cropped_colonies_gfp7\main_05__colony026.jpg,new_batch_202609\main\main_05.jpg,514,2153,18,19,249.5,0.87,0.969
cropped_colonies_gfp7\main_05__colony027.jpg,new_batch_202609\main\main_05.jpg,758,2123,26,27,504.5,0.854,0.97
cropped_colonies_gfp7\main_05__colony028.jpg,new_batch_202609\main\main_05.jpg,985,2044,23,35,557.0,0.735,0.946
cropped_colonies_gfp7\main_05__colony029.jpg,new_batch_202609\main\main_05.jpg,645,1983,27,30,618.0,0.865,0.972
cropped_colonies_gfp7\main_05__colony030.jpg,new_batch_202609\main\main_05.jpg,2082,1853,50,50,1866.0,0.787,0.959
cropped_colonies_gfp7\main_05__colony031.jpg,new_batch_202609\main\main_05.jpg,2272,1852,55,56,2372.5,0.802,0.962
cropped_colonies_gfp7\main_05__colony032.jpg,new_batch_202609\main\main_05.jpg,1877,1824,36,29,686.0,0.722,0.931
cropped_colonies_gfp7\main_05__colony033.jpg,new_batch_202609\main\main_05.jpg,1732,1776,28,23,420.0,0.816,0.952
cropped_colonies_gfp7\main_05__colony034.jpg,new_batch_202609\main\main_05.jpg,1450,1722,32,38,968.5,0.752,0.943
cropped_colonies_gfp7\main_05__colony035.jpg,new_batch_202609\main\main_05.jpg,1865,1716,18,18,229.0,0.872,0.97
cropped_colonies_gfp7\main_05__colony036.jpg,new_batch_202609\main\main_05.jpg,2438,1700,39,43,1221.0,0.837,0.966
cropped_colonies_gfp7\main_05__colony037.jpg,new_batch_202609\main\main_05.jpg,514,1698,20,22,338.5,0.867,0.977
cropped_colonies_gfp7\main_05__colony038.jpg,new_batch_202609\main\main_05.jpg,581,1688,34,32,778.5,0.847,0.962
cropped_colonies_gfp7\main_05__colony039.jpg,new_batch_202609\main\main_05.jpg,2511,1623,30,30,717.5,0.878,0.978
cropped_colonies_gfp7\main_05__colony040.jpg,new_batch_202609\main\main_05.jpg,673,1620,35,34,831.0,0.836,0.963
cropped_colonies_gfp7\main_05__colony041.jpg,new_batch_202609\main\main_05.jpg,1007,1616,42,42,1362.0,0.773,0.948
cropped_colonies_gfp7\main_05__colony042.jpg,new_batch_202609\main\main_05.jpg,1636,1599,20,19,280.5,0.859,0.966
cropped_colonies_gfp7\main_05__colony043.jpg,new_batch_202609\main\main_05.jpg,801,1564,53,52,1958.0,0.673,0.905
cropped_colonies_gfp7\main_05__colony044.jpg,new_batch_202609\main\main_05.jpg,821,1482,61,54,1922.0,0.514,0.87
cropped_colonies_gfp7\main_05__colony045.jpg,new_batch_202609\main\main_05.jpg,1558,1470,23,25,410.5,0.862,0.968
cropped_colonies_gfp7\main_05__colony046.jpg,new_batch_202609\main\main_05.jpg,1837,1440,37,33,947.0,0.883,0.98
cropped_colonies_gfp7\main_05__colony047.jpg,new_batch_202609\main\main_05.jpg,1174,1276,22,22,306.5,0.621,0.872
cropped_colonies_gfp7\main_05__colony048.jpg,new_batch_202609\main\main_05.jpg,640,1254,22,26,337.5,0.535,0.786
cropped_colonies_gfp7\main_05__colony049.jpg,new_batch_202609\main\main_05.jpg,742,1251,46,45,1174.5,0.525,0.803
cropped_colonies_gfp7\main_05__colony050.jpg,new_batch_202609\main\main_05.jpg,1270,1180,26,26,408.5,0.617,0.841
cropped_colonies_gfp7\main_05__colony051.jpg,new_batch_202609\main\main_05.jpg,828,1168,20,20,296.5,0.676,0.905
cropped_colonies_gfp7\main_05__colony052.jpg,new_batch_202609\main\main_05.jpg,1868,1136,51,56,1883.5,0.62,0.878
cropped_colonies_gfp7\main_05__colony053.jpg,new_batch_202609\main\main_05.jpg,1982,1098,32,32,773.5,0.887,0.979
cropped_colonies_gfp7\main_05__colony054.jpg,new_batch_202609\main\main_05.jpg,834,1089,29,26,544.5,0.864,0.969
cropped_colonies_gfp7\main_05__colony055.jpg,new_batch_202609\main\main_05.jpg,1196,937,41,31,731.5,0.609,0.869
cropped_colonies_gfp7\main_06__colony001.jpg,new_batch_202609\main\main_06.jpg,1552,3121,22,23,343.5,0.747,0.94
cropped_colonies_gfp7\main_06__colony002.jpg,new_batch_202609\main\main_06.jpg,1060,2977,42,25,722.0,0.656,0.904
cropped_colonies_gfp7\main_06__colony003.jpg,new_batch_202609\main\main_06.jpg,1432,2972,42,40,1268.0,0.681,0.901
cropped_colonies_gfp7\main_06__colony004.jpg,new_batch_202609\main\main_06.jpg,1522,2966,36,30,605.0,0.562,0.832
cropped_colonies_gfp7\main_06__colony005.jpg,new_batch_202609\main\main_06.jpg,1342,2939,46,53,1643.5,0.668,0.912
cropped_colonies_gfp7\main_06__colony006.jpg,new_batch_202609\main\main_06.jpg,1306,2864,24,28,390.5,0.547,0.798
cropped_colonies_gfp7\main_06__colony007.jpg,new_batch_202609\main\main_06.jpg,917,2859,26,33,592.5,0.852,0.969
cropped_colonies_gfp7\main_06__colony008.jpg,new_batch_202609\main\main_06.jpg,1489,2816,48,40,1490.0,0.718,0.946
cropped_colonies_gfp7\main_06__colony009.jpg,new_batch_202609\main\main_06.jpg,844,2805,28,27,584.0,0.868,0.975
cropped_colonies_gfp7\main_06__colony010.jpg,new_batch_202609\main\main_06.jpg,1120,2704,31,31,736.0,0.882,0.974
cropped_colonies_gfp7\main_06__colony011.jpg,new_batch_202609\main\main_06.jpg,1190,2691,22,22,354.5,0.867,0.971
cropped_colonies_gfp7\main_06__colony012.jpg,new_batch_202609\main\main_06.jpg,2048,2688,21,20,281.0,0.75,0.932
cropped_colonies_gfp7\main_06__colony013.jpg,new_batch_202609\main\main_06.jpg,1327,2575,51,61,2211.5,0.682,0.932
cropped_colonies_gfp7\main_06__colony014.jpg,new_batch_202609\main\main_06.jpg,1190,2536,24,27,498.0,0.864,0.973
cropped_colonies_gfp7\main_06__colony015.jpg,new_batch_202609\main\main_06.jpg,1732,2491,23,18,299.0,0.798,0.952
cropped_colonies_gfp7\main_06__colony016.jpg,new_batch_202609\main\main_06.jpg,1636,2400,31,29,672.5,0.862,0.968
cropped_colonies_gfp7\main_06__colony017.jpg,new_batch_202609\main\main_06.jpg,482,2364,32,30,609.5,0.619,0.853
cropped_colonies_gfp7\main_06__colony018.jpg,new_batch_202609\main\main_06.jpg,1326,2362,65,60,2427.0,0.558,0.87
cropped_colonies_gfp7\main_06__colony019.jpg,new_batch_202609\main\main_06.jpg,1561,2333,19,31,347.5,0.66,0.899
cropped_colonies_gfp7\main_06__colony020.jpg,new_batch_202609\main\main_06.jpg,2108,2324,24,24,408.5,0.808,0.943
cropped_colonies_gfp7\main_06__colony021.jpg,new_batch_202609\main\main_06.jpg,921,2275,19,20,280.0,0.874,0.972
cropped_colonies_gfp7\main_06__colony022.jpg,new_batch_202609\main\main_06.jpg,429,2261,35,26,594.0,0.758,0.934
cropped_colonies_gfp7\main_06__colony023.jpg,new_batch_202609\main\main_06.jpg,1725,2259,26,25,506.0,0.854,0.972
cropped_colonies_gfp7\main_06__colony024.jpg,new_batch_202609\main\main_06.jpg,2201,2225,23,21,356.0,0.856,0.973
cropped_colonies_gfp7\main_06__colony025.jpg,new_batch_202609\main\main_06.jpg,1385,2214,21,18,242.0,0.655,0.891
cropped_colonies_gfp7\main_06__colony026.jpg,new_batch_202609\main\main_06.jpg,764,2114,24,22,401.5,0.88,0.976
cropped_colonies_gfp7\main_06__colony027.jpg,new_batch_202609\main\main_06.jpg,1392,2056,40,40,1089.5,0.428,0.843
cropped_colonies_gfp7\main_06__colony028.jpg,new_batch_202609\main\main_06.jpg,950,1996,18,20,249.0,0.645,0.886
cropped_colonies_gfp7\main_06__colony029.jpg,new_batch_202609\main\main_06.jpg,2190,1992,50,55,1827.0,0.616,0.874
cropped_colonies_gfp7\main_06__colony030.jpg,new_batch_202609\main\main_06.jpg,368,1969,22,22,363.5,0.889,0.98
cropped_colonies_gfp7\main_06__colony031.jpg,new_batch_202609\main\main_06.jpg,753,1947,31,41,854.5,0.647,0.903
cropped_colonies_gfp7\main_06__colony032.jpg,new_batch_202609\main\main_06.jpg,1217,1932,23,25,444.5,0.879,0.98
cropped_colonies_gfp7\main_06__colony033.jpg,new_batch_202609\main\main_06.jpg,869,1891,20,18,253.0,0.875,0.973
cropped_colonies_gfp7\main_06__colony034.jpg,new_batch_202609\main\main_06.jpg,1682,1857,22,24,386.5,0.848,0.965
cropped_colonies_gfp7\main_06__colony035.jpg,new_batch_202609\main\main_06.jpg,1485,1840,24,26,463.0,0.892,0.977
cropped_colonies_gfp7\main_06__colony036.jpg,new_batch_202609\main\main_06.jpg,885,1825,27,25,470.0,0.822,0.955
cropped_colonies_gfp7\main_06__colony037.jpg,new_batch_202609\main\main_06.jpg,500,1823,18,20,262.5,0.857,0.97
cropped_colonies_gfp7\main_06__colony038.jpg,new_batch_202609\main\main_06.jpg,1657,1770,39,48,1475.5,0.757,0.943
cropped_colonies_gfp7\main_06__colony039.jpg,new_batch_202609\main\main_06.jpg,726,1744,26,24,449.5,0.853,0.973
cropped_colonies_gfp7\main_06__colony040.jpg,new_batch_202609\main\main_06.jpg,1136,1734,32,26,525.5,0.62,0.891
cropped_colonies_gfp7\main_06__colony041.jpg,new_batch_202609\main\main_06.jpg,543,1728,21,18,288.5,0.718,0.926
cropped_colonies_gfp7\main_06__colony042.jpg,new_batch_202609\main\main_06.jpg,806,1727,21,21,344.0,0.867,0.975
cropped_colonies_gfp7\main_06__colony043.jpg,new_batch_202609\main\main_06.jpg,1761,1612,55,48,1834.0,0.511,0.854
cropped_colonies_gfp7\main_06__colony044.jpg,new_batch_202609\main\main_06.jpg,1689,1591,20,21,315.5,0.887,0.975
cropped_colonies_gfp7\main_06__colony045.jpg,new_batch_202609\main\main_06.jpg,1744,1536,44,40,1210.0,0.629,0.885
cropped_colonies_gfp7\main_06__colony046.jpg,new_batch_202609\main\main_06.jpg,1126,1480,26,28,406.5,0.524,0.796
cropped_colonies_gfp7\main_06__colony047.jpg,new_batch_202609\main\main_06.jpg,730,1468,86,102,5917.5,0.478,0.835
cropped_colonies_gfp7\main_06__colony048.jpg,new_batch_202609\main\main_06.jpg,1353,1456,65,44,2081.5,0.625,0.914
cropped_colonies_gfp7\main_06__colony049.jpg,new_batch_202609\main\main_06.jpg,2006,1386,60,72,2396.5,0.523,0.859
cropped_colonies_gfp7\main_06__colony050.jpg,new_batch_202609\main\main_06.jpg,1816,1338,18,21,282.0,0.848,0.974
cropped_colonies_gfp7\main_06__colony051.jpg,new_batch_202609\main\main_06.jpg,534,1330,20,20,278.0,0.877,0.977
cropped_colonies_gfp7\main_06__colony052.jpg,new_batch_202609\main\main_06.jpg,1284,1227,19,18,260.5,0.874,0.976
cropped_colonies_gfp7\main_06__colony053.jpg,new_batch_202609\main\main_06.jpg,1573,1211,37,24,699.5,0.787,0.969
cropped_colonies_gfp7\main_06__colony054.jpg,new_batch_202609\main\main_06.jpg,676,1206,22,20,322.0,0.868,0.97
cropped_colonies_gfp7\main_06__colony055.jpg,new_batch_202609\main\main_06.jpg,1453,1098,20,18,266.0,0.852,0.962
cropped_colonies_gfp7\main_07__colony001.jpg,new_batch_202609\main\main_07.jpg,2000,2838,26,26,463.0,0.69,0.905
cropped_colonies_gfp7\main_07__colony002.jpg,new_batch_202609\main\main_07.jpg,1407,2685,27,27,514.0,0.865,0.972
cropped_colonies_gfp7\main_07__colony003.jpg,new_batch_202609\main\main_07.jpg,858,2530,30,29,632.5,0.887,0.981
cropped_colonies_gfp7\main_07__colony004.jpg,new_batch_202609\main\main_07.jpg,681,2418,30,34,517.5,0.559,0.835
cropped_colonies_gfp7\main_07__colony005.jpg,new_batch_202609\main\main_07.jpg,1439,2277,50,50,1937.0,0.829,0.966
cropped_colonies_gfp7\main_07__colony006.jpg,new_batch_202609\main\main_07.jpg,843,2004,20,19,288.5,0.823,0.96
cropped_colonies_gfp7\main_07__colony007.jpg,new_batch_202609\main\main_07.jpg,2500,1911,18,22,301.0,0.823,0.969
cropped_colonies_gfp7\main_07__colony008.jpg,new_batch_202609\main\main_07.jpg,2240,1830,20,26,358.0,0.773,0.952
cropped_colonies_gfp7\main_07__colony009.jpg,new_batch_202609\main\main_07.jpg,2512,1816,21,21,332.5,0.824,0.957
cropped_colonies_gfp7\main_07__colony010.jpg,new_batch_202609\main\main_07.jpg,2166,1792,18,21,262.5,0.756,0.938
cropped_colonies_gfp7\main_07__colony011.jpg,new_batch_202609\main\main_07.jpg,1742,1783,18,18,233.0,0.852,0.959
cropped_colonies_gfp7\main_07__colony012.jpg,new_batch_202609\main\main_07.jpg,2240,1776,22,23,383.5,0.86,0.968
cropped_colonies_gfp7\main_07__colony013.jpg,new_batch_202609\main\main_07.jpg,1795,1767,40,41,1265.5,0.871,0.979
cropped_colonies_gfp7\main_07__colony014.jpg,new_batch_202609\main\main_07.jpg,1106,1584,19,19,216.0,0.681,0.869
cropped_colonies_gfp7\main_07__colony015.jpg,new_batch_202609\main\main_07.jpg,1204,1180,34,35,839.0,0.81,0.954
cropped_colonies_gfp7\main_07__colony016.jpg,new_batch_202609\main\main_07.jpg,1295,1158,23,25,419.0,0.75,0.935
cropped_colonies_gfp7\main_07__colony017.jpg,new_batch_202609\main\main_07.jpg,1933,1000,29,21,333.5,0.633,0.91
cropped_colonies_gfp7\main_08__colony001.jpg,new_batch_202609\main\main_08.jpg,1112,3086,46,42,1450.5,0.694,0.92
cropped_colonies_gfp7\main_08__colony002.jpg,new_batch_202609\main\main_08.jpg,984,2984,28,30,575.5,0.695,0.911
cropped_colonies_gfp7\main_08__colony003.jpg,new_batch_202609\main\main_08.jpg,781,2824,20,22,321.0,0.809,0.948
cropped_colonies_gfp7\main_08__colony004.jpg,new_batch_202609\main\main_08.jpg,1897,2810,52,30,824.5,0.493,0.828
cropped_colonies_gfp7\main_08__colony005.jpg,new_batch_202609\main\main_08.jpg,1914,2736,21,24,311.0,0.646,0.879
cropped_colonies_gfp7\main_08__colony006.jpg,new_batch_202609\main\main_08.jpg,566,2726,62,58,2176.5,0.528,0.869
cropped_colonies_gfp7\main_08__colony007.jpg,new_batch_202609\main\main_08.jpg,957,2656,18,29,317.0,0.636,0.906
cropped_colonies_gfp7\main_08__colony008.jpg,new_batch_202609\main\main_08.jpg,1844,2568,53,49,1939.5,0.808,0.958
cropped_colonies_gfp7\main_08__colony009.jpg,new_batch_202609\main\main_08.jpg,890,2536,56,46,1805.5,0.646,0.892
cropped_colonies_gfp7\main_08__colony010.jpg,new_batch_202609\main\main_08.jpg,1368,2524,39,51,1361.0,0.746,0.946
cropped_colonies_gfp7\main_08__colony011.jpg,new_batch_202609\main\main_08.jpg,562,2456,56,64,2576.0,0.724,0.948
cropped_colonies_gfp7\main_08__colony012.jpg,new_batch_202609\main\main_08.jpg,662,2324,75,68,3513.0,0.7,0.933
cropped_colonies_gfp7\main_08__colony013.jpg,new_batch_202609\main\main_08.jpg,790,2315,24,25,401.0,0.75,0.936
cropped_colonies_gfp7\main_08__colony014.jpg,new_batch_202609\main\main_08.jpg,952,2248,18,21,213.0,0.69,0.875
cropped_colonies_gfp7\main_08__colony015.jpg,new_batch_202609\main\main_08.jpg,1536,2200,20,20,288.5,0.894,0.978
cropped_colonies_gfp7\main_08__colony016.jpg,new_batch_202609\main\main_08.jpg,2236,2184,67,60,2966.0,0.741,0.945
cropped_colonies_gfp7\main_08__colony017.jpg,new_batch_202609\main\main_08.jpg,1057,2104,25,27,430.5,0.616,0.883
cropped_colonies_gfp7\main_08__colony018.jpg,new_batch_202609\main\main_08.jpg,1469,2007,27,21,330.5,0.61,0.87
cropped_colonies_gfp7\main_08__colony019.jpg,new_batch_202609\main\main_08.jpg,2069,1929,24,22,368.5,0.767,0.941
cropped_colonies_gfp7\main_08__colony020.jpg,new_batch_202609\main\main_08.jpg,742,1872,46,51,1658.0,0.72,0.934
cropped_colonies_gfp7\main_08__colony021.jpg,new_batch_202609\main\main_08.jpg,455,1768,18,19,162.5,0.545,0.783
cropped_colonies_gfp7\main_08__colony022.jpg,new_batch_202609\main\main_08.jpg,1758,1760,21,25,365.0,0.742,0.926
cropped_colonies_gfp7\main_08__colony023.jpg,new_batch_202609\main\main_08.jpg,1170,1742,46,44,1530.5,0.808,0.953
cropped_colonies_gfp7\main_08__colony024.jpg,new_batch_202609\main\main_08.jpg,2200,1627,67,77,3527.5,0.564,0.867
cropped_colonies_gfp7\main_08__colony025.jpg,new_batch_202609\main\main_08.jpg,736,1616,37,41,1143.0,0.809,0.96
cropped_colonies_gfp7\main_08__colony026.jpg,new_batch_202609\main\main_08.jpg,897,1540,47,44,1580.5,0.825,0.968
cropped_colonies_gfp7\main_08__colony027.jpg,new_batch_202609\main\main_08.jpg,1008,1429,63,58,2683.5,0.684,0.926
cropped_colonies_gfp7\main_08__colony028.jpg,new_batch_202609\main\main_08.jpg,2222,1222,18,20,209.0,0.67,0.903
cropped_colonies_gfp7\main_09__colony001.jpg,new_batch_202609\main\main_09.jpg,1476,2770,33,35,885.5,0.859,0.976
cropped_colonies_gfp7\main_09__colony002.jpg,new_batch_202609\main\main_09.jpg,1005,2668,41,47,1387.5,0.835,0.97
cropped_colonies_gfp7\main_09__colony003.jpg,new_batch_202609\main\main_09.jpg,883,2632,28,29,625.0,0.874,0.971
cropped_colonies_gfp7\main_09__colony004.jpg,new_batch_202609\main\main_09.jpg,1463,2605,41,41,1242.0,0.866,0.973
cropped_colonies_gfp7\main_09__colony005.jpg,new_batch_202609\main\main_09.jpg,1223,2605,45,45,1601.5,0.858,0.973
cropped_colonies_gfp7\main_09__colony006.jpg,new_batch_202609\main\main_09.jpg,1563,2541,32,32,790.0,0.896,0.982
cropped_colonies_gfp7\main_09__colony007.jpg,new_batch_202609\main\main_09.jpg,560,2508,45,43,1390.5,0.865,0.974
cropped_colonies_gfp7\main_09__colony008.jpg,new_batch_202609\main\main_09.jpg,483,2471,19,22,291.5,0.819,0.956
cropped_colonies_gfp7\main_09__colony009.jpg,new_batch_202609\main\main_09.jpg,823,2403,45,45,1564.5,0.878,0.98
cropped_colonies_gfp7\main_09__colony010.jpg,new_batch_202609\main\main_09.jpg,2334,2363,43,40,1305.0,0.869,0.975
cropped_colonies_gfp7\main_09__colony011.jpg,new_batch_202609\main\main_09.jpg,1497,2323,19,19,257.5,0.873,0.968
cropped_colonies_gfp7\main_09__colony012.jpg,new_batch_202609\main\main_09.jpg,960,2291,54,51,1884.5,0.784,0.954
cropped_colonies_gfp7\main_09__colony013.jpg,new_batch_202609\main\main_09.jpg,625,2287,38,36,1096.5,0.887,0.982
cropped_colonies_gfp7\main_09__colony014.jpg,new_batch_202609\main\main_09.jpg,1898,2245,29,31,682.5,0.875,0.974
cropped_colonies_gfp7\main_09__colony015.jpg,new_batch_202609\main\main_09.jpg,1491,2211,21,29,419.0,0.727,0.936
cropped_colonies_gfp7\main_09__colony016.jpg,new_batch_202609\main\main_09.jpg,1447,2085,35,34,908.5,0.886,0.98
cropped_colonies_gfp7\main_09__colony017.jpg,new_batch_202609\main\main_09.jpg,1558,2066,28,29,613.0,0.879,0.975
cropped_colonies_gfp7\main_09__colony018.jpg,new_batch_202609\main\main_09.jpg,1345,2065,31,32,756.0,0.891,0.976
cropped_colonies_gfp7\main_09__colony019.jpg,new_batch_202609\main\main_09.jpg,1205,2056,43,33,840.0,0.693,0.906
cropped_colonies_gfp7\main_09__colony020.jpg,new_batch_202609\main\main_09.jpg,2334,2032,39,34,956.5,0.83,0.968
cropped_colonies_gfp7\main_09__colony021.jpg,new_batch_202609\main\main_09.jpg,732,2014,19,18,246.0,0.874,0.97
cropped_colonies_gfp7\main_09__colony022.jpg,new_batch_202609\main\main_09.jpg,640,1986,19,20,265.0,0.858,0.96
cropped_colonies_gfp7\main_09__colony023.jpg,new_batch_202609\main\main_09.jpg,1098,1958,21,20,313.5,0.913,0.989
cropped_colonies_gfp7\main_09__colony024.jpg,new_batch_202609\main\main_09.jpg,2270,1947,30,31,689.0,0.879,0.973
cropped_colonies_gfp7\main_09__colony025.jpg,new_batch_202609\main\main_09.jpg,1568,1936,20,19,280.5,0.859,0.969
cropped_colonies_gfp7\main_09__colony026.jpg,new_batch_202609\main\main_09.jpg,2416,1844,26,26,505.5,0.872,0.972
cropped_colonies_gfp7\main_09__colony027.jpg,new_batch_202609\main\main_09.jpg,463,1792,61,41,1602.5,0.569,0.88
cropped_colonies_gfp7\main_09__colony028.jpg,new_batch_202609\main\main_09.jpg,2101,1769,32,31,777.0,0.876,0.975
cropped_colonies_gfp7\main_09__colony029.jpg,new_batch_202609\main\main_09.jpg,1444,1692,26,27,509.0,0.873,0.971
cropped_colonies_gfp7\main_09__colony030.jpg,new_batch_202609\main\main_09.jpg,520,1688,23,20,326.5,0.845,0.959
cropped_colonies_gfp7\main_09__colony031.jpg,new_batch_202609\main\main_09.jpg,2120,1669,30,31,699.5,0.861,0.973
cropped_colonies_gfp7\main_09__colony032.jpg,new_batch_202609\main\main_09.jpg,2348,1663,37,51,1188.0,0.651,0.895
cropped_colonies_gfp7\main_09__colony033.jpg,new_batch_202609\main\main_09.jpg,397,1617,21,21,301.5,0.856,0.962
cropped_colonies_gfp7\main_09__colony034.jpg,new_batch_202609\main\main_09.jpg,1378,1612,36,37,1011.0,0.869,0.978
cropped_colonies_gfp7\main_09__colony035.jpg,new_batch_202609\main\main_09.jpg,1623,1595,25,25,467.5,0.888,0.975
cropped_colonies_gfp7\main_09__colony036.jpg,new_batch_202609\main\main_09.jpg,492,1520,21,21,325.5,0.892,0.975
cropped_colonies_gfp7\main_09__colony037.jpg,new_batch_202609\main\main_09.jpg,1962,1514,23,22,384.0,0.874,0.973
cropped_colonies_gfp7\main_09__colony038.jpg,new_batch_202609\main\main_09.jpg,1623,1513,31,30,735.5,0.865,0.975
cropped_colonies_gfp7\main_09__colony039.jpg,new_batch_202609\main\main_09.jpg,1361,1493,27,42,706.5,0.647,0.898
cropped_colonies_gfp7\main_09__colony040.jpg,new_batch_202609\main\main_09.jpg,1560,1447,50,32,1239.0,0.762,0.946
cropped_colonies_gfp7\main_09__colony041.jpg,new_batch_202609\main\main_09.jpg,2180,1417,29,28,622.5,0.882,0.976
cropped_colonies_gfp7\main_09__colony042.jpg,new_batch_202609\main\main_09.jpg,1084,1367,69,50,2044.0,0.602,0.881
cropped_colonies_gfp7\main_09__colony043.jpg,new_batch_202609\main\main_09.jpg,1461,1364,26,24,441.5,0.863,0.97
cropped_colonies_gfp7\main_09__colony044.jpg,new_batch_202609\main\main_09.jpg,1606,1340,32,33,822.5,0.87,0.976
cropped_colonies_gfp7\main_09__colony045.jpg,new_batch_202609\main\main_09.jpg,1798,1333,29,32,642.0,0.839,0.96
cropped_colonies_gfp7\main_09__colony046.jpg,new_batch_202609\main\main_09.jpg,1244,1330,43,32,873.5,0.71,0.909
cropped_colonies_gfp7\main_09__colony047.jpg,new_batch_202609\main\main_09.jpg,1665,1318,38,40,1152.0,0.86,0.978
cropped_colonies_gfp7\main_09__colony048.jpg,new_batch_202609\main\main_09.jpg,842,1294,36,34,944.5,0.872,0.974
cropped_colonies_gfp7\main_09__colony049.jpg,new_batch_202609\main\main_09.jpg,1556,1192,36,37,1006.5,0.891,0.979
cropped_colonies_gfp7\main_09__colony050.jpg,new_batch_202609\main\main_09.jpg,940,1177,40,39,1157.0,0.868,0.974
cropped_colonies_gfp7\main_09__colony051.jpg,new_batch_202609\main\main_09.jpg,2010,1107,37,35,972.0,0.881,0.977
cropped_colonies_gfp7\main_09__colony052.jpg,new_batch_202609\main\main_09.jpg,1808,1053,22,19,307.5,0.835,0.973
cropped_colonies_gfp7\main_09__colony053.jpg,new_batch_202609\main\main_09.jpg,1567,933,35,36,947.5,0.862,0.971
cropped_colonies_gfp7\main_09__colony054.jpg,new_batch_202609\main\main_09.jpg,1496,891,24,25,421.5,0.841,0.956
cropped_colonies_gfp7\main_10__colony001.jpg,new_batch_202609\main\main_10.jpg,1242,2150,37,42,843.0,0.523,0.85
cropped_colonies_gfp7\main_10__colony002.jpg,new_batch_202609\main\main_10.jpg,1265,1950,23,24,302.0,0.567,0.839
cropped_colonies_gfp7\main_11__colony001.jpg,new_batch_202609\main\main_11.jpg,492,2304,44,38,954.0,0.52,0.845
cropped_colonies_gfp7\main_12__colony001.jpg,new_batch_202609\main\main_12.jpg,1200,2720,44,60,1526.0,0.524,0.893
cropped_colonies_gfp7\main_12__colony002.jpg,new_batch_202609\main\main_12.jpg,1297,2698,39,22,635.0,0.597,0.9
cropped_colonies_gfp7\main_12__colony003.jpg,new_batch_202609\main\main_12.jpg,620,2036,70,56,2569.5,0.611,0.91
cropped_colonies_gfp7\main_12__colony004.jpg,new_batch_202609\main\main_12.jpg,1542,1776,52,36,829.5,0.447,0.865
cropped_colonies_gfp7\main_12__colony005.jpg,new_batch_202609\main\main_12.jpg,2132,1254,28,20,285.5,0.533,0.811
cropped_colonies_gfp7\main_12__colony006.jpg,new_batch_202609\main\main_12.jpg,1062,1064,41,24,502.0,0.455,0.854
cropped_colonies_gfp7\main_13__colony001.jpg,new_batch_202609\main\main_13.jpg,1168,3152,44,28,827.5,0.626,0.907
cropped_colonies_gfp7\main_13__colony002.jpg,new_batch_202609\main\main_13.jpg,912,3056,36,28,740.0,0.666,0.896
cropped_colonies_gfp7\main_13__colony003.jpg,new_batch_202609\main\main_13.jpg,870,2712,46,46,1594.0,0.769,0.958
cropped_colonies_gfp7\main_13__colony004.jpg,new_batch_202609\main\main_13.jpg,1439,2512,33,30,703.5,0.858,0.97
cropped_colonies_gfp7\main_13__colony005.jpg,new_batch_202609\main\main_13.jpg,1512,2360,27,36,583.5,0.599,0.861
cropped_colonies_gfp7\main_13__colony006.jpg,new_batch_202609\main\main_13.jpg,544,2310,21,20,319.5,0.898,0.982
cropped_colonies_gfp7\main_13__colony007.jpg,new_batch_202609\main\main_13.jpg,607,2289,37,26,511.0,0.501,0.815
cropped_colonies_gfp7\main_13__colony008.jpg,new_batch_202609\main\main_13.jpg,526,2214,45,45,1522.5,0.816,0.965
cropped_colonies_gfp7\main_13__colony009.jpg,new_batch_202609\main\main_13.jpg,602,2194,34,42,1002.5,0.721,0.943
cropped_colonies_gfp7\main_13__colony010.jpg,new_batch_202609\main\main_13.jpg,1107,2096,45,39,1144.0,0.716,0.918
cropped_colonies_gfp7\main_13__colony011.jpg,new_batch_202609\main\main_13.jpg,555,2076,55,48,1809.5,0.747,0.936
cropped_colonies_gfp7\main_13__colony012.jpg,new_batch_202609\main\main_13.jpg,974,2036,28,29,625.0,0.897,0.98
cropped_colonies_gfp7\main_13__colony013.jpg,new_batch_202609\main\main_13.jpg,1344,1972,24,24,428.0,0.885,0.971
cropped_colonies_gfp7\main_13__colony014.jpg,new_batch_202609\main\main_13.jpg,368,1934,47,58,1671.5,0.517,0.857
cropped_colonies_gfp7\main_13__colony015.jpg,new_batch_202609\main\main_13.jpg,651,1726,47,42,1307.5,0.697,0.918
cropped_colonies_gfp7\main_13__colony016.jpg,new_batch_202609\main\main_13.jpg,886,1629,32,31,712.0,0.808,0.955
cropped_colonies_gfp7\main_13__colony017.jpg,new_batch_202609\main\main_13.jpg,525,1581,71,67,3657.5,0.747,0.951
cropped_colonies_gfp7\main_13__colony018.jpg,new_batch_202609\main\main_13.jpg,599,1422,41,40,1304.0,0.778,0.955
cropped_colonies_gfp7\main_13__colony019.jpg,new_batch_202609\main\main_13.jpg,752,1391,34,22,446.0,0.594,0.881
cropped_colonies_gfp7\main_13__colony020.jpg,new_batch_202609\main\main_13.jpg,830,1279,23,22,358.5,0.829,0.957
cropped_colonies_gfp7\main_14__colony001.jpg,new_batch_202609\main\main_14.jpg,1280,2464,24,20,305.5,0.601,0.896
cropped_colonies_gfp7\main_14__colony002.jpg,new_batch_202609\main\main_14.jpg,1094,2368,42,32,910.5,0.595,0.886
cropped_colonies_gfp7\main_15__colony001.jpg,new_batch_202609\main\main_15.jpg,1322,1995,19,21,203.0,0.617,0.904
cropped_colonies_gfp7\main_16__colony001.jpg,new_batch_202609\main\main_16.jpg,816,1214,72,66,2544.5,0.506,0.856
cropped_colonies_gfp7\main_17__colony001.jpg,new_batch_202609\main\main_17.jpg,880,1434,42,28,823.5,0.595,0.897
cropped_colonies_gfp7\main_17__colony002.jpg,new_batch_202609\main\main_17.jpg,1120,1296,80,48,2313.0,0.489,0.85
cropped_colonies_gfp7\main_18__colony001.jpg,new_batch_202609\main\main_18.jpg,654,2490,40,42,854.5,0.517,0.853
cropped_colonies_gfp7\main_18__colony002.jpg,new_batch_202609\main\main_18.jpg,2382,2232,40,62,1722.5,0.708,0.942
cropped_colonies_gfp7\main_18__colony003.jpg,new_batch_202609\main\main_18.jpg,2072,1472,56,64,2603.5,0.612,0.897
cropped_colonies_gfp7\main_18__colony004.jpg,new_batch_202609\main\main_18.jpg,1158,1202,26,30,498.0,0.614,0.894
cropped_colonies_gfp7\main_21__colony001.jpg,new_batch_202609\main\main_21.jpg,560,2136,64,110,4875.5,0.482,0.828
cropped_colonies_gfp7\main_21__colony002.jpg,new_batch_202609\main\main_21.jpg,1464,1324,22,20,235.0,0.521,0.842
cropped_colonies_gfp7\main_22__colony001.jpg,new_batch_202609\main\main_22.jpg,1152,2969,23,23,387.5,0.85,0.962
cropped_colonies_gfp7\main_22__colony002.jpg,new_batch_202609\main\main_22.jpg,1652,2880,23,28,438.0,0.827,0.963
cropped_colonies_gfp7\main_22__colony003.jpg,new_batch_202609\main\main_22.jpg,1890,2845,20,20,285.0,0.836,0.955
cropped_colonies_gfp7\main_22__colony004.jpg,new_batch_202609\main\main_22.jpg,1158,2817,20,22,331.0,0.862,0.976
cropped_colonies_gfp7\main_22__colony005.jpg,new_batch_202609\main\main_22.jpg,1816,2512,23,22,305.0,0.563,0.818
cropped_colonies_gfp7\main_22__colony006.jpg,new_batch_202609\main\main_22.jpg,512,2448,60,40,1676.0,0.47,0.877
cropped_colonies_gfp7\main_22__colony007.jpg,new_batch_202609\main\main_22.jpg,2055,2267,18,19,238.5,0.9,0.977
cropped_colonies_gfp7\main_22__colony008.jpg,new_batch_202609\main\main_22.jpg,747,2256,24,23,402.5,0.864,0.97
cropped_colonies_gfp7\main_22__colony009.jpg,new_batch_202609\main\main_22.jpg,2282,2202,32,39,1018.0,0.616,0.918
cropped_colonies_gfp7\main_22__colony010.jpg,new_batch_202609\main\main_22.jpg,1786,1988,22,30,423.0,0.498,0.827
cropped_colonies_gfp7\main_22__colony011.jpg,new_batch_202609\main\main_22.jpg,791,1984,24,23,384.5,0.878,0.975
cropped_colonies_gfp7\main_22__colony012.jpg,new_batch_202609\main\main_22.jpg,1548,1978,28,40,815.5,0.638,0.898
cropped_colonies_gfp7\main_22__colony013.jpg,new_batch_202609\main\main_22.jpg,1169,1962,25,22,410.0,0.866,0.97
cropped_colonies_gfp7\main_22__colony014.jpg,new_batch_202609\main\main_22.jpg,524,1962,20,18,281.5,0.885,0.983
cropped_colonies_gfp7\main_22__colony015.jpg,new_batch_202609\main\main_22.jpg,1986,1906,20,23,352.5,0.882,0.976
cropped_colonies_gfp7\main_22__colony016.jpg,new_batch_202609\main\main_22.jpg,1706,1870,30,30,585.0,0.564,0.836
cropped_colonies_gfp7\main_22__colony017.jpg,new_batch_202609\main\main_22.jpg,1862,1841,18,19,256.0,0.842,0.968
cropped_colonies_gfp7\main_22__colony018.jpg,new_batch_202609\main\main_22.jpg,1273,1840,23,22,380.5,0.88,0.974
cropped_colonies_gfp7\main_22__colony019.jpg,new_batch_202609\main\main_22.jpg,1958,1813,22,22,351.0,0.872,0.971
cropped_colonies_gfp7\main_22__colony020.jpg,new_batch_202609\main\main_22.jpg,385,1760,23,21,355.5,0.869,0.969
cropped_colonies_gfp7\main_22__colony021.jpg,new_batch_202609\main\main_22.jpg,1850,1743,22,27,409.0,0.781,0.956
cropped_colonies_gfp7\main_22__colony022.jpg,new_batch_202609\main\main_22.jpg,1112,1703,20,24,243.0,0.624,0.885
cropped_colonies_gfp7\main_22__colony023.jpg,new_batch_202609\main\main_22.jpg,974,1660,34,44,1128.0,0.685,0.915
cropped_colonies_gfp7\main_22__colony024.jpg,new_batch_202609\main\main_22.jpg,2118,1658,36,40,1000.0,0.625,0.88
cropped_colonies_gfp7\main_22__colony025.jpg,new_batch_202609\main\main_22.jpg,2256,1628,50,46,1271.0,0.448,0.785
cropped_colonies_gfp7\main_22__colony026.jpg,new_batch_202609\main\main_22.jpg,1242,1616,42,32,928.0,0.601,0.858
cropped_colonies_gfp7\main_22__colony027.jpg,new_batch_202609\main\main_22.jpg,1702,1592,30,25,454.5,0.619,0.889
cropped_colonies_gfp7\main_22__colony028.jpg,new_batch_202609\main\main_22.jpg,458,1506,54,68,2411.0,0.6,0.891
cropped_colonies_gfp7\main_22__colony029.jpg,new_batch_202609\main\main_22.jpg,1246,1488,22,21,350.0,0.861,0.975
cropped_colonies_gfp7\main_22__colony030.jpg,new_batch_202609\main\main_22.jpg,2000,1367,27,32,462.5,0.633,0.898
cropped_colonies_gfp7\main_22__colony031.jpg,new_batch_202609\main\main_22.jpg,1874,1285,22,31,505.5,0.755,0.94
cropped_colonies_gfp7\main_22__colony032.jpg,new_batch_202609\main\main_22.jpg,1562,1248,52,48,1498.5,0.551,0.827
cropped_colonies_gfp7\main_22__colony033.jpg,new_batch_202609\main\main_22.jpg,2417,1223,22,19,282.5,0.794,0.961
cropped_colonies_gfp7\main_22__colony034.jpg,new_batch_202609\main\main_22.jpg,822,1140,42,30,706.0,0.475,0.79
cropped_colonies_gfp7\main_22__colony035.jpg,new_batch_202609\main\main_22.jpg,1328,1137,32,41,893.5,0.573,0.892
cropped_colonies_gfp7\main_22__colony036.jpg,new_batch_202609\main\main_22.jpg,1798,1064,18,25,306.0,0.753,0.962
cropped_colonies_gfp7\main_22__colony037.jpg,new_batch_202609\main\main_22.jpg,1120,1025,32,43,970.0,0.515,0.882
cropped_colonies_gfp7\main_22__colony038.jpg,new_batch_202609\main\main_22.jpg,1864,1008,46,32,1173.0,0.658,0.915
cropped_colonies_gfp7\main_22__colony039.jpg,new_batch_202609\main\main_22.jpg,1461,988,18,19,250.5,0.85,0.965
cropped_colonies_gfp7\main_22__colony040.jpg,new_batch_202609\main\main_22.jpg,1056,944,20,20,320.5,0.715,0.937
cropped_colonies_gfp7\main_22__colony041.jpg,new_batch_202609\main\main_22.jpg,1252,874,43,32,954.0,0.665,0.912
cropped_colonies_gfp7\main_22__colony042.jpg,new_batch_202609\main\main_22.jpg,1664,781,42,35,948.0,0.576,0.837
